"Txhash","Blockno","UnixTimestamp","DateTime","From","To","ContractAddress","Value_IN(ETH)","Value_OUT(ETH)","CurrentValue @ $0/Eth","TxnFee(ETH)","TxnFee(USD)","Historical $Price/Eth","Status","ErrCode","Method"
"0x7b6a56e321318d0b90717179176a9a14759d59ae61041f093d95c6ea8bfc35b3","10641964","1626356201","2021-07-15 13:36:41","0xa1745d2cfbb605a75717e97da85c52ee4132de3a","","0x459e359817606d22693ec6360960c9b8bca254ec","0","0","0","0.004314440650962008","0","","","","0x60806040",""
"0x10452dbeaf4ec017b108b35ad334afe06d7c2728fb112f4462c0d06084eabf23","10642002","1626356622","2021-07-15 13:43:42","0x6cb9d52f34df1b1a956b8dd541e7241529995b6f","0x459e359817606d22693ec6360960c9b8bca254ec","","0","0","0","0.000153658053549813","0","","","","0xebe23980",""
"0x754221267e3e8b90c00d16e4344ac08696cb7667400d28a08335c302b0093911","10642002","1626356622","2021-07-15 13:43:42","0x6cb9d52f34df1b1a956b8dd541e7241529995b6f","0x459e359817606d22693ec6360960c9b8bca254ec","","0","0","0","0.000734988106940754","0","","","","0xc54f6a21",""
"0x62d717b87720ab703d50275f7c9f632df7602c8aa535d07c87a1bc1bbfe0bdf9","10642005","1626356669","2021-07-15 13:44:29","0x1d870dba37ccc5a7342e74c0c31035071da85443","0x459e359817606d22693ec6360960c9b8bca254ec","","0","0","0","0.000153658006223149","0","","","","0xebe23980",""
"0x68853552781bb1615eb15bad4bff554656a182d766abef6ed6d9ad8696f6574b","10642005","1626356669","2021-07-15 13:44:29","0x1d870dba37ccc5a7342e74c0c31035071da85443","0x459e359817606d22693ec6360960c9b8bca254ec","","0","0","0","0.00073498803123699","0","","","","0xc54f6a21",""
"0x4bc8c69d34c65bbd03f608ca23a529ce40ba8956d20941feb883eba0d03f516f","10642008","1626356708","2021-07-15 13:45:08","0xff8d8096d4320547fec8b0febf7bc0b58b64951a","0x459e359817606d22693ec6360960c9b8bca254ec","","0","0","0","0.000153658009834112","0","","","","0xebe23980",""
"0x5790ee480f3a77a9bdaf95d3483da2d16485e4cb6ad91035ead7d9abce222f0e","10642011","1626356754","2021-07-15 13:45:54","0xff8d8096d4320547fec8b0febf7bc0b58b64951a","0x459e359817606d22693ec6360960c9b8bca254ec","","0","0","0","0.00073496403307338","0","","","","0xc54f6a21",""
"0x8bc0230e6e3df8bebd059b3e912d5047b9be9cd625655f570621c205518af775","10642164","1626358585","2021-07-15 14:16:25","0x6cb9d52f34df1b1a956b8dd541e7241529995b6f","0x459e359817606d22693ec6360960c9b8bca254ec","","0","0","0","0.000137988000551952","0","","","","0xc54f6a21",""
"0xf0630772d7b96123bfd771e8beffebbc3cf54eeb12fb22196fdc5706d9e47103","10642164","1626358585","2021-07-15 14:16:25","0x1d870dba37ccc5a7342e74c0c31035071da85443","0x459e359817606d22693ec6360960c9b8bca254ec","","0","0","0","0.000137988000551952","0","","","","0xc54f6a21",""
"0x1dbcba9483e3fd1aa5763ca7c541468d5403a969c07202f579811fd0b20b3d48","10642164","1626358585","2021-07-15 14:16:25","0xff8d8096d4320547fec8b0febf7bc0b58b64951a","0x459e359817606d22693ec6360960c9b8bca254ec","","0","0","0","0.000137964000551856","0","","","","0xc54f6a21",""
"0x9237a6197bb1766e9119365ac78cb2629923c12b5e5eaf2ca6a431a5276fb8a1","10642237","1626359599","2021-07-15 14:33:19","0x0d0d99c8a07de268edb42d99ff76622a65b2a054","0x459e359817606d22693ec6360960c9b8bca254ec","","0","0","0","0.000241722003746691","0","","","","0x87477610",""
"0x20d7353a98100d6e6e9e01604ce620d748e32c995b38322496d6d7c46e8cc208","10642237","1626359599","2021-07-15 14:33:19","0x0d0d99c8a07de268edb42d99ff76622a65b2a054","0x459e359817606d22693ec6360960c9b8bca254ec","","0","0","0","0.000052788002956128","0","","","","0xd910446b",""
"0xbf42d8af463d603294f55fd018e5390c3cab03e3caa67e87cb4b8f5f5af2b1bf","10642237","1626359599","2021-07-15 14:33:19","0x0d0d99c8a07de268edb42d99ff76622a65b2a054","0x459e359817606d22693ec6360960c9b8bca254ec","","0","0","0","0.000455764028713132","0","","","","0x7e881d8c",""
"0x80f2f3da569d374e6c85414b33a6d3fc037c96da28664351cbb5bfc7395d8fd1","10642379","1626361390","2021-07-15 15:03:10","0xff8d8096d4320547fec8b0febf7bc0b58b64951a","0x459e359817606d22693ec6360960c9b8bca254ec","","0","0","0","0.000137963999862036","0","","","","0xc54f6a21",""
"0x24e29d27778b0bc7b46825797412c6286ab05720630f621eaad792a2879f113b","10642379","1626361390","2021-07-15 15:03:10","0x1d870dba37ccc5a7342e74c0c31035071da85443","0x459e359817606d22693ec6360960c9b8bca254ec","","0","0","0","0.000137987999862012","0","","","","0xc54f6a21",""
"0xdfae3f78d190b117d95227ae80544c5d54b25cf927e9a2bf4909931b872fe648","10642380","1626361391","2021-07-15 15:03:11","0x6cb9d52f34df1b1a956b8dd541e7241529995b6f","0x459e359817606d22693ec6360960c9b8bca254ec","","0","0","0","0.000137987999862012","0","","","","0xc54f6a21",""
"0x5509c417f6c7817d620a9db7301584500a1bf52fe8a4847efc35b6667a6b5611","10642676","1626365096","2021-07-15 16:04:56","0x6cb9d52f34df1b1a956b8dd541e7241529995b6f","0x459e359817606d22693ec6360960c9b8bca254ec","","0","0","0","0.000137988000620946","0","","","","0xc54f6a21",""
"0x105b243a28ac4f0db685bb5134ebcaa3bc3b06ee0c8e5057259c526d60bcf357","10642676","1626365096","2021-07-15 16:04:56","0xff8d8096d4320547fec8b0febf7bc0b58b64951a","0x459e359817606d22693ec6360960c9b8bca254ec","","0","0","0","0.000137964000620838","0","","","","0xc54f6a21",""
"0xd00c5242e3ab8872d8c68487777799f5f118a7dc92c01aaae37be10843925a08","10642676","1626365096","2021-07-15 16:04:56","0x1d870dba37ccc5a7342e74c0c31035071da85443","0x459e359817606d22693ec6360960c9b8bca254ec","","0","0","0","0.00013798800034497","0","","","","0xc54f6a21",""
"0x9645608c934f59c87d7b5b1cb9268340b58da74458561a0e9570b513206aa6d4","10643020","1626369715","2021-07-15 17:21:55","0x6cb9d52f34df1b1a956b8dd541e7241529995b6f","0x459e359817606d22693ec6360960c9b8bca254ec","","0","0","0","0.000137987999517042","0","","","","0xc54f6a21",""
"0xe494c9bf54019f2eb4636c32408ab5b3eb7c767df4a6f0febae0d9f16edf50c8","10643020","1626369715","2021-07-15 17:21:55","0xff8d8096d4320547fec8b0febf7bc0b58b64951a","0x459e359817606d22693ec6360960c9b8bca254ec","","0","0","0","0.000137963999448144","0","","","","0xc54f6a21",""
"0xe97ec7f6d0391be8043d01525d8dd870c6c1a4cb002072aa4ee5e144330297cc","10643021","1626369746","2021-07-15 17:22:26","0x1d870dba37ccc5a7342e74c0c31035071da85443","0x459e359817606d22693ec6360960c9b8bca254ec","","0","0","0","0.000137987999448048","0","","","","0xc54f6a21",""
"0xccb343a077efca4d56013ccee02a428582c08eb4a6cecffeec7f52882546b813","10643208","1626372245","2021-07-15 18:04:05","0x6cb9d52f34df1b1a956b8dd541e7241529995b6f","0x459e359817606d22693ec6360960c9b8bca254ec","","0","0","0","0.000137988000551952","0","","","","0xc54f6a21",""
"0xb7b44144f83385c95c45910b7ff54a5114c2c7093cc2294eaf1b966933757778","10643208","1626372245","2021-07-15 18:04:05","0x1d870dba37ccc5a7342e74c0c31035071da85443","0x459e359817606d22693ec6360960c9b8bca254ec","","0","0","0","0.000137988000551952","0","","","","0xc54f6a21",""
"0xf025035b360e7d267b975fd7248c713faf6eec6ecfb7b3a372406f8298cd98b3","10643208","1626372245","2021-07-15 18:04:05","0xff8d8096d4320547fec8b0febf7bc0b58b64951a","0x459e359817606d22693ec6360960c9b8bca254ec","","0","0","0","0.000137964000551856","0","","","","0xc54f6a21",""
"0xcec35cb2026b15f81574dfb7b365cc38cb1fb6364c438c228e373774f5e07dd6","10643462","1626375659","2021-07-15 19:00:59","0x1d870dba37ccc5a7342e74c0c31035071da85443","0x459e359817606d22693ec6360960c9b8bca254ec","","0","0","0","0.000137988000758934","0","","","","0xc54f6a21",""
"0xd6e14fae5075a4664d10fee97ccdca41ed11a4f25cd175e8cd2ee5444fd50265","10643462","1626375659","2021-07-15 19:00:59","0x6cb9d52f34df1b1a956b8dd541e7241529995b6f","0x459e359817606d22693ec6360960c9b8bca254ec","","0","0","0","0.000137988000758934","0","","","","0xc54f6a21",""
"0xd945408b257232449e5db8b80874153ccdc9929a0920e20b5f17aa99c6be435e","10643462","1626375659","2021-07-15 19:00:59","0xff8d8096d4320547fec8b0febf7bc0b58b64951a","0x459e359817606d22693ec6360960c9b8bca254ec","","0","0","0","0.000137964000137964","0","","","","0xc54f6a21",""
"0x347ba2f756e1ba884a34cb2b7de9b5002917bcae5afba3f077b3538b6d29dabd","10643745","1626379465","2021-07-15 20:04:25","0x1d870dba37ccc5a7342e74c0c31035071da85443","0x459e359817606d22693ec6360960c9b8bca254ec","","0","0","0","0.000137988000827928","0","","","","0xc54f6a21",""
"0x4d8a9b2936c00cdf44be0ce79fb2e1c4855e739871da4dda96e7f4f06be8181b","10643745","1626379465","2021-07-15 20:04:25","0xff8d8096d4320547fec8b0febf7bc0b58b64951a","0x459e359817606d22693ec6360960c9b8bca254ec","","0","0","0","0.000137964000758802","0","","","","0xc54f6a21",""
"0x5ff51e0b9b58de2c39176071466fc810ee144859c1c4daf9318aadd131f10f7c","10643748","1626379492","2021-07-15 20:04:52","0x6cb9d52f34df1b1a956b8dd541e7241529995b6f","0x459e359817606d22693ec6360960c9b8bca254ec","","0","0","0","0.000137988000482958","0","","","","0xc54f6a21",""
"0x51d0c27c7cbecf5a97d6b200e65c002b9ed6cb1636b7c94703e0dee3eab8553f","10644012","1626383057","2021-07-15 21:04:17","0x1d870dba37ccc5a7342e74c0c31035071da85443","0x459e359817606d22693ec6360960c9b8bca254ec","","0","0","0","0.000137987999103078","0","","","","0xc54f6a21",""
"0x90d184bfe758573f32fb58a72807890ba245b9bd09b5ac4981430bef4b4234c0","10644012","1626383057","2021-07-15 21:04:17","0x6cb9d52f34df1b1a956b8dd541e7241529995b6f","0x459e359817606d22693ec6360960c9b8bca254ec","","0","0","0","0.000137987999034084","0","","","","0xc54f6a21",""
"0x0ce2348823e933de2996c425876a12b9aa63200ba141db8f34d14de3b0629671","10644012","1626383057","2021-07-15 21:04:17","0xff8d8096d4320547fec8b0febf7bc0b58b64951a","0x459e359817606d22693ec6360960c9b8bca254ec","","0","0","0","0.000137963999034252","0","","","","0xc54f6a21",""
"0xcdf1f3f45bfc241686efdad947ce0e74fd1ce51cdd1b6fbaabb675148b48538f","10644280","1626386600","2021-07-15 22:03:20","0x1d870dba37ccc5a7342e74c0c31035071da85443","0x459e359817606d22693ec6360960c9b8bca254ec","","0","0","0","0.000137987999034084","0","","","","0xc54f6a21",""
"0x91796330fe498c7c434cb5adc7905b78b074fbe5bb1510636e09dc51ef4b7613","10644280","1626386600","2021-07-15 22:03:20","0xff8d8096d4320547fec8b0febf7bc0b58b64951a","0x459e359817606d22693ec6360960c9b8bca254ec","","0","0","0","0.000137963999034252","0","","","","0xc54f6a21",""
"0x808657b2d18c118266ca38445bafda0f12924daa74858dbb5cb7f2f27fe2cf3b","10644280","1626386600","2021-07-15 22:03:20","0x6cb9d52f34df1b1a956b8dd541e7241529995b6f","0x459e359817606d22693ec6360960c9b8bca254ec","","0","0","0","0.000137987999034084","0","","","","0xc54f6a21",""
"0x156619880816f93a850c2b6d4255c37dfe41a3ce202aa5ff8c5db2ec9a9897bb","10644527","1626390052","2021-07-15 23:00:52","0x1d870dba37ccc5a7342e74c0c31035071da85443","0x459e359817606d22693ec6360960c9b8bca254ec","","0","0","0","0.000137987999172072","0","","","","0xc54f6a21",""
"0x85e2163b8c5dbad66f950797bc3e8eb0b713745544b34ee0c627c8fd74329230","10644527","1626390052","2021-07-15 23:00:52","0xff8d8096d4320547fec8b0febf7bc0b58b64951a","0x459e359817606d22693ec6360960c9b8bca254ec","","0","0","0","0.000137963999172216","0","","","","0xc54f6a21",""
"0x41f6f1eae50d204df0b531f4aa1015c7a55f8fd4cb12bf8e081e08ad4e090148","10644527","1626390052","2021-07-15 23:00:52","0x6cb9d52f34df1b1a956b8dd541e7241529995b6f","0x459e359817606d22693ec6360960c9b8bca254ec","","0","0","0","0.000137987999172072","0","","","","0xc54f6a21",""
"0x8f5cedb47946463410dbeef569c452a4aa373445a404aca7e968918c0b57ffb7","10644854","1626394262","2021-07-16 00:11:02","0x1d870dba37ccc5a7342e74c0c31035071da85443","0x459e359817606d22693ec6360960c9b8bca254ec","","0","0","0","0.00013798799896509","0","","","","0xc54f6a21",""
"0x6efb67a897fc2789c5ef6a44dd1d73d0b82c2c74b121aed70e3ed0d73e932d07","10644854","1626394262","2021-07-16 00:11:02","0xff8d8096d4320547fec8b0febf7bc0b58b64951a","0x459e359817606d22693ec6360960c9b8bca254ec","","0","0","0","0.00013796399896527","0","","","","0xc54f6a21",""
"0x3c25284266d43e4d988f75d8af0bb7df0596769f553909203dd1d0c4888b3bc3","10644854","1626394262","2021-07-16 00:11:02","0x6cb9d52f34df1b1a956b8dd541e7241529995b6f","0x459e359817606d22693ec6360960c9b8bca254ec","","0","0","0","0.00013798799896509","0","","","","0xc54f6a21",""
"0xdd6098acf72411cb2612be41d103309d7eb8bface8574dea97f0bc61b1bb6107","10645186","1626398272","2021-07-16 01:17:52","0x1d870dba37ccc5a7342e74c0c31035071da85443","0x459e359817606d22693ec6360960c9b8bca254ec","","0","0","0","0.000137987999379054","0","","","","0xc54f6a21",""
"0xb040c738e044687a7e3e163ea4b1f616e178f40f2a6869d57e103845f7a6c58b","10645186","1626398272","2021-07-16 01:17:52","0xff8d8096d4320547fec8b0febf7bc0b58b64951a","0x459e359817606d22693ec6360960c9b8bca254ec","","0","0","0","0.00013796399931018","0","","","","0xc54f6a21",""
"0x6b655de1ef132866d11a554e38242c99c0285dccc4c587bfd4c9e167f23370fc","10645187","1626398279","2021-07-16 01:17:59","0x6cb9d52f34df1b1a956b8dd541e7241529995b6f","0x459e359817606d22693ec6360960c9b8bca254ec","","0","0","0","0.00013798799931006","0","","","","0xc54f6a21",""
"0x2eb673b3f2daa4eeef7a02dce94fe3ffc5420d680154460f22cf5bcc1016fda7","10645466","1626401800","2021-07-16 02:16:40","0x1d870dba37ccc5a7342e74c0c31035071da85443","0x459e359817606d22693ec6360960c9b8bca254ec","","0","0","0","0.00013798799896509","0","","","","0xc54f6a21",""
"0x5c4a7943b277477d6ec94d9cc070ffc671dbe689ada9c9d2d07951ff75e656ae","10645469","1626401840","2021-07-16 02:17:20","0x6cb9d52f34df1b1a956b8dd541e7241529995b6f","0x459e359817606d22693ec6360960c9b8bca254ec","","0","0","0","0.000137987998413138","0","","","","0xc54f6a21",""
"0x734e73a0be6e4788803ad28c56d9560bfa707483e6510096b34a434f6bbc35bd","10645470","1626401853","2021-07-16 02:17:33","0xff8d8096d4320547fec8b0febf7bc0b58b64951a","0x459e359817606d22693ec6360960c9b8bca254ec","","0","0","0","0.000137963998413414","0","","","","0xc54f6a21",""
"0x0c42f1190baf559ba5bf224b409151266f6eae37724d84996a98b7c1ebf5c167","10646508","1626415736","2021-07-16 06:08:56","0xff8d8096d4320547fec8b0febf7bc0b58b64951a","0x459e359817606d22693ec6360960c9b8bca254ec","","0","0","0","0.000137964000482874","0","","","","0xc54f6a21",""
"0x667b6b974b30ae9668bac5460f8545fcb79b60d1dff533d610daa7512b903e62","10646508","1626415736","2021-07-16 06:08:56","0x1d870dba37ccc5a7342e74c0c31035071da85443","0x459e359817606d22693ec6360960c9b8bca254ec","","0","0","0","0.000137988000482958","0","","","","0xc54f6a21",""
"0x434f3005d46b562bf8b918fb2841cdfe8a65f7833f89976bf2b023652df44550","10646508","1626415736","2021-07-16 06:08:56","0x6cb9d52f34df1b1a956b8dd541e7241529995b6f","0x459e359817606d22693ec6360960c9b8bca254ec","","0","0","0","0.000137988000482958","0","","","","0xc54f6a21",""
"0x29358d26818a6efa4286b25ebfca1c8d720144dd0e33234b7c1557e0b2726dc0","10646768","1626419096","2021-07-16 07:04:56","0x1d870dba37ccc5a7342e74c0c31035071da85443","0x459e359817606d22693ec6360960c9b8bca254ec","","0","0","0","0.00013798800172485","0","","","","0xc54f6a21",""
"0x8b7462b5f6a340cd66d314a450ef62cee6ea46da228aff3e436c32b8d756917d","10646768","1626419096","2021-07-16 07:04:56","0x6cb9d52f34df1b1a956b8dd541e7241529995b6f","0x459e359817606d22693ec6360960c9b8bca254ec","","0","0","0","0.00013798800172485","0","","","","0xc54f6a21",""
"0xe2651b5f07ea08205c56912a022bc71dafbf939823bc703d95fa27bc9f0b16b8","10646769","1626419098","2021-07-16 07:04:58","0xff8d8096d4320547fec8b0febf7bc0b58b64951a","0x459e359817606d22693ec6360960c9b8bca254ec","","0","0","0","0.000137964001517604","0","","","","0xc54f6a21",""
"0x5eb667ce18b16e24fe7c4e5d9c00085b6e9aa70662d2434699870cb4053db65c","10647058","1626423001","2021-07-16 08:10:01","0x1d870dba37ccc5a7342e74c0c31035071da85443","0x459e359817606d22693ec6360960c9b8bca254ec","","0","0","0","0.00013798800137988","0","","","","0xc54f6a21",""
"0xd57ff41343d7bee1159270642a204db044faa560cfefee3a99a674526ecaeaee","10647058","1626423001","2021-07-16 08:10:01","0x6cb9d52f34df1b1a956b8dd541e7241529995b6f","0x459e359817606d22693ec6360960c9b8bca254ec","","0","0","0","0.00013798800137988","0","","","","0xc54f6a21",""
"0x340e5b76627e08a9d7e10532ae6a18adff4c7a98acb7b4337b4c7349119e14ba","10647060","1626423024","2021-07-16 08:10:24","0xff8d8096d4320547fec8b0febf7bc0b58b64951a","0x459e359817606d22693ec6360960c9b8bca254ec","","0","0","0","0.000137964001310658","0","","","","0xc54f6a21",""
"0xbe2b943ef8050694e2e65192fe2311283993c1a9a0a10462b809c344a7d64a37","10647243","1626425439","2021-07-16 08:50:39","0x1d870dba37ccc5a7342e74c0c31035071da85443","0x459e359817606d22693ec6360960c9b8bca254ec","","0","0","0","0.00013798800172485","0","","","","0xc54f6a21",""
"0x050fab008a11312cbea3c4d3d824ca0f1b6dfdd4ff4cabaed501423d2a726db3","10647245","1626425453","2021-07-16 08:50:53","0xff8d8096d4320547fec8b0febf7bc0b58b64951a","0x459e359817606d22693ec6360960c9b8bca254ec","","0","0","0","0.00013796400172455","0","","","","0xc54f6a21",""
"0x4c63a70971a4fb05bc9ef1193d1388e88b2be4958f5091ae419df74cfb1c5ca2","10647245","1626425453","2021-07-16 08:50:53","0x6cb9d52f34df1b1a956b8dd541e7241529995b6f","0x459e359817606d22693ec6360960c9b8bca254ec","","0","0","0","0.00013798800172485","0","","","","0xc54f6a21",""
"0x1940fabb3b314e1138aca87fa0f39b2aff39459ec1e6d7c428d17f465bb63bb1","10647505","1626428675","2021-07-16 09:44:35","0xff8d8096d4320547fec8b0febf7bc0b58b64951a","0x459e359817606d22693ec6360960c9b8bca254ec","","0","0","0","0.000137964001586586","0","","","","0xc54f6a21",""
"0x5249d02e409eadbdcd4ea2a7d77219893c53d26fdd33a2af1fcc32880e4d0e2d","10647505","1626428675","2021-07-16 09:44:35","0x1d870dba37ccc5a7342e74c0c31035071da85443","0x459e359817606d22693ec6360960c9b8bca254ec","","0","0","0","0.000137988001586862","0","","","","0xc54f6a21",""
"0xf43fb9b7cc806383b8827e3273a9a6e43b2dc739d45a13c872492a65de4bd6cd","10647507","1626428687","2021-07-16 09:44:47","0x6cb9d52f34df1b1a956b8dd541e7241529995b6f","0x459e359817606d22693ec6360960c9b8bca254ec","","0","0","0","0.000137988001448874","0","","","","0xc54f6a21",""
"0x48d32bbb06ddad28581968c07e74f7b04fa803cb7e0f001fb560321d4bc23e3a","10647781","1626432483","2021-07-16 10:48:03","0x1d870dba37ccc5a7342e74c0c31035071da85443","0x459e359817606d22693ec6360960c9b8bca254ec","","0","0","0","0.000137988002207808","0","","","","0xc54f6a21",""
"0xac6713cb8d151ff7421e99e6f15f86981fb707371a932727e010b475b7428d28","10647781","1626432483","2021-07-16 10:48:03","0xff8d8096d4320547fec8b0febf7bc0b58b64951a","0x459e359817606d22693ec6360960c9b8bca254ec","","0","0","0","0.000137964002138442","0","","","","0xc54f6a21",""
"0x3f32988022a96367964ba6bc5aa0a3a6a9900eb40b93121616809b5fcfe24df1","10647783","1626432504","2021-07-16 10:48:24","0x6cb9d52f34df1b1a956b8dd541e7241529995b6f","0x459e359817606d22693ec6360960c9b8bca254ec","","0","0","0","0.000137988002000826","0","","","","0xc54f6a21",""
"0xc786e5a7cd900ba45e729e4d1ac5defdc286ff317c1c791c93ab80e30e3185ec","10648062","1626436066","2021-07-16 11:47:46","0xff8d8096d4320547fec8b0febf7bc0b58b64951a","0x459e359817606d22693ec6360960c9b8bca254ec","","0","0","0","0.00013796400172455","0","","","","0xc54f6a21",""
"0x0ecd380f187536472c6d30a70ec7c5d218c78cbc593288b2c79caa076b951f27","10648062","1626436066","2021-07-16 11:47:46","0x1d870dba37ccc5a7342e74c0c31035071da85443","0x459e359817606d22693ec6360960c9b8bca254ec","","0","0","0","0.000137988001655856","0","","","","0xc54f6a21",""
"0xc113351a48be8293ac1ee2c5c066c52143fab88ec30835273824309fb3cf7bd3","10648063","1626436070","2021-07-16 11:47:50","0x6cb9d52f34df1b1a956b8dd541e7241529995b6f","0x459e359817606d22693ec6360960c9b8bca254ec","","0","0","0","0.000137988001586862","0","","","","0xc54f6a21",""
"0xa8538a047827d9155533a69fb2e18ce7140297cd2eba7d385f1d39d094e86603","10648319","1626439270","2021-07-16 12:41:10","0x6cb9d52f34df1b1a956b8dd541e7241529995b6f","0x459e359817606d22693ec6360960c9b8bca254ec","","0","0","0","0.000137988003242718","0","","","","0xc54f6a21",""
"0xa74c9a80f0a16c851e3af8f79fe33fe817895a4423d8c9eb7dace50328755af7","10648320","1626439301","2021-07-16 12:41:41","0x1d870dba37ccc5a7342e74c0c31035071da85443","0x459e359817606d22693ec6360960c9b8bca254ec","","0","0","0","0.000137988003242718","0","","","","0xc54f6a21",""
"0x4a68bd8409606fbd2085c3b233e9ca1f8bdff34951f1c0a73d793f10bc27ca46","10648321","1626439314","2021-07-16 12:41:54","0xff8d8096d4320547fec8b0febf7bc0b58b64951a","0x459e359817606d22693ec6360960c9b8bca254ec","","0","0","0","0.00013796400137964","0","","","","0xc54f6a21",""
"0x8822d6db47f74fda1b6688f14bc2b3b0078944d86051566e4c2ad19412b70f0d","10648606","1626443313","2021-07-16 13:48:33","0x1d870dba37ccc5a7342e74c0c31035071da85443","0x459e359817606d22693ec6360960c9b8bca254ec","","0","0","0","0.0001379880034497","0","","","","0xc54f6a21",""
"0xc7a0d1b51379d89586d1c64e65faccd44767cdb896ea09c0b1a6a36c88db5c5e","10648606","1626443313","2021-07-16 13:48:33","0x6cb9d52f34df1b1a956b8dd541e7241529995b6f","0x459e359817606d22693ec6360960c9b8bca254ec","","0","0","0","0.000137988003380706","0","","","","0xc54f6a21",""
"0x80b96698911836c954574fa8dfad71ffbba3ac2ac65111d33db4f6cdb61d4ec0","10648606","1626443313","2021-07-16 13:48:33","0xff8d8096d4320547fec8b0febf7bc0b58b64951a","0x459e359817606d22693ec6360960c9b8bca254ec","","0","0","0","0.000137964003380118","0","","","","0xc54f6a21",""
"0x9603bd20afb0a48d5d2093551de3ad39d3e4691ca0df297fb4cfa9d3c35b6198","10648842","1626446770","2021-07-16 14:46:10","0xff8d8096d4320547fec8b0febf7bc0b58b64951a","0x459e359817606d22693ec6360960c9b8bca254ec","","0","0","0","0.000137964002000478","0","","","","0xc54f6a21",""
"0x440576a1c3c9a5946457a3b194218dd8d46ad0b9dbad7bd8b5ccbe538abe17c1","10648842","1626446770","2021-07-16 14:46:10","0x6cb9d52f34df1b1a956b8dd541e7241529995b6f","0x459e359817606d22693ec6360960c9b8bca254ec","","0","0","0","0.000137988002000826","0","","","","0xc54f6a21",""
"0xa9f0f6a6f00b074b50bb51411f8c7a5a0952fdadc9634b33d7cf6257e4b213c5","10648842","1626446770","2021-07-16 14:46:10","0x1d870dba37ccc5a7342e74c0c31035071da85443","0x459e359817606d22693ec6360960c9b8bca254ec","","0","0","0","0.000137988002000826","0","","","","0xc54f6a21",""
"0xd7dadf8dff1c165a455147479c17f49cc0e2030f0afd16a50a82c1f00d4554ac","10649168","1626450709","2021-07-16 15:51:49","0x1d870dba37ccc5a7342e74c0c31035071da85443","0x459e359817606d22693ec6360960c9b8bca254ec","","0","0","0","0.000137988001931832","0","","","","0xc54f6a21",""
"0x93769ebcb94fe654bda7bcf8021c5bb2ef295ba4d7641cb1c914bfb09f721f38","10649168","1626450709","2021-07-16 15:51:49","0x6cb9d52f34df1b1a956b8dd541e7241529995b6f","0x459e359817606d22693ec6360960c9b8bca254ec","","0","0","0","0.000137988001931832","0","","","","0xc54f6a21",""
"0x00fae83decd0b0343883c5c7b840efb5804d27bb87566f50a1e49ccc50e81a1e","10649170","1626450716","2021-07-16 15:51:56","0xff8d8096d4320547fec8b0febf7bc0b58b64951a","0x459e359817606d22693ec6360960c9b8bca254ec","","0","0","0","0.000137964000896766","0","","","","0xc54f6a21",""
"0xb16c09c4cd8f742b629187b040c664dc6a782538a9eed62075e256e32f62f21d","10652933","1626499300","2021-07-17 05:21:40","0x6cb9d52f34df1b1a956b8dd541e7241529995b6f","0x459e359817606d22693ec6360960c9b8bca254ec","","0","0","0","0.000137987999862012","0","","","","0xc54f6a21",""
"0x7d8c52098a720ad309710cd69fab700ff0b91b4f98aa62d77fd1d754cdecc645","10652933","1626499300","2021-07-17 05:21:40","0x6cb9d52f34df1b1a956b8dd541e7241529995b6f","0x459e359817606d22693ec6360960c9b8bca254ec","","0","0","0","0.000137988000137988","0","","","","0xc54f6a21",""
"0x14c1319981431928e03bd33d1ceb332b2b35184391fa492fa2dd79b45dd1ead7","10653003","1626500019","2021-07-17 05:33:39","0xff8d8096d4320547fec8b0febf7bc0b58b64951a","0x459e359817606d22693ec6360960c9b8bca254ec","","0","0","0","0.000137963999862036","0","","","","0xc54f6a21",""
"0x6943df41dd3ad5a9f082ce71269dcc7848279ef5593f4ffde17c2568b641369f","10653003","1626500019","2021-07-17 05:33:39","0xff8d8096d4320547fec8b0febf7bc0b58b64951a","0x459e359817606d22693ec6360960c9b8bca254ec","","0","0","0","0.000137964000137964","0","","","","0xc54f6a21",""
"0x7166457bf12d7ad938277fa1c90265de12e308f03dcfe36063e348c49a98a0d3","10653003","1626500019","2021-07-17 05:33:39","0x1d870dba37ccc5a7342e74c0c31035071da85443","0x459e359817606d22693ec6360960c9b8bca254ec","","0","0","0","0.000137987999862012","0","","","","0xc54f6a21",""
"0xd230fc984d381d3b5e3b9c545cfc95f91d43d6762fe5b516489c79219cc710b4","10653003","1626500019","2021-07-17 05:33:39","0x1d870dba37ccc5a7342e74c0c31035071da85443","0x459e359817606d22693ec6360960c9b8bca254ec","","0","0","0","0.000137988000137988","0","","","","0xc54f6a21",""
"0x1b2f228c832d7231871f9a93d4d2cf0862ae57fb4812b203b602b45514c8d26a","10653241","1626503490","2021-07-17 06:31:30","0x1d870dba37ccc5a7342e74c0c31035071da85443","0x459e359817606d22693ec6360960c9b8bca254ec","","0","0","0","0.000137988000551952","0","","","","0xc54f6a21",""
"0xbb52c0ba09f07b50fbd39090dc24804069404506b1ad248342564a09fe080ac6","10653241","1626503490","2021-07-17 06:31:30","0xff8d8096d4320547fec8b0febf7bc0b58b64951a","0x459e359817606d22693ec6360960c9b8bca254ec","","0","0","0","0.000137964000551856","0","","","","0xc54f6a21",""
"0xe53e40bc03697ed487f9e200194656450f746c03128de9b524a73db54c5b4d29","10653241","1626503490","2021-07-17 06:31:30","0x6cb9d52f34df1b1a956b8dd541e7241529995b6f","0x459e359817606d22693ec6360960c9b8bca254ec","","0","0","0","0.000137988000551952","0","","","","0xc54f6a21",""
"0x3bada8e9a074b724af4f1fb38aa13ce2585988d8a9c443d1ec13868e2afc14d6","10653322","1626504665","2021-07-17 06:51:05","0x6cb9d52f34df1b1a956b8dd541e7241529995b6f","0x459e359817606d22693ec6360960c9b8bca254ec","","0","0","0","0.000137988000482958","0","","","","0xc54f6a21",""
"0x5a4c9e432cd5152f2567846115b3d929c3f44206e31fd50b99b7db98b1bca603","10653322","1626504665","2021-07-17 06:51:05","0xff8d8096d4320547fec8b0febf7bc0b58b64951a","0x459e359817606d22693ec6360960c9b8bca254ec","","0","0","0","0.000137964000482874","0","","","","0xc54f6a21",""
"0x3311c97bf1362b0233ed7fb400279369517963a708b210f7b2b83f7e23e0764d","10653322","1626504665","2021-07-17 06:51:05","0x1d870dba37ccc5a7342e74c0c31035071da85443","0x459e359817606d22693ec6360960c9b8bca254ec","","0","0","0","0.000137988000482958","0","","","","0xc54f6a21",""
"0xcb921c1966fea453726bf933c24471f2ddf83831a06a0c71ab89b0cb515ae46a","10653322","1626504665","2021-07-17 06:51:05","0xff8d8096d4320547fec8b0febf7bc0b58b64951a","0x459e359817606d22693ec6360960c9b8bca254ec","","0","0","0","0.000137964000482874","0","","","","0xc54f6a21",""
"0x2ffda17df92b861087942cb8507fcbc52f58f4516373987289bc0b3185c8220c","10653322","1626504665","2021-07-17 06:51:05","0x1d870dba37ccc5a7342e74c0c31035071da85443","0x459e359817606d22693ec6360960c9b8bca254ec","","0","0","0","0.000137988000482958","0","","","","0xc54f6a21",""
"0x781312b0f6419da648e99eda69b397038c1c625faca8225b5c5ee8c0b4dabccb","10653322","1626504665","2021-07-17 06:51:05","0x6cb9d52f34df1b1a956b8dd541e7241529995b6f","0x459e359817606d22693ec6360960c9b8bca254ec","","0","0","0","0.000137988000482958","0","","","","0xc54f6a21",""
"0x2b9b4c1b535a8a2137bac5764407294ac233c704617ac227fece19af3ff80f84","10653571","1626507570","2021-07-17 07:39:30","0x1d870dba37ccc5a7342e74c0c31035071da85443","0x459e359817606d22693ec6360960c9b8bca254ec","","0","0","0","0.000137988000413964","0","","","","0xc54f6a21",""
"0x20b07b31e8d0a91662cdfba117ba4e26ed40fea71afea5ca6ddd5c79458532a7","10653571","1626507570","2021-07-17 07:39:30","0xff8d8096d4320547fec8b0febf7bc0b58b64951a","0x459e359817606d22693ec6360960c9b8bca254ec","","0","0","0","0.000137964000413892","0","","","","0xc54f6a21",""
"0x819dade0ad66f22ac3027dd8e44a76362213b8931938d180cb9c76ab733b5842","10653571","1626507570","2021-07-17 07:39:30","0x6cb9d52f34df1b1a956b8dd541e7241529995b6f","0x459e359817606d22693ec6360960c9b8bca254ec","","0","0","0","0.000137988000413964","0","","","","0xc54f6a21",""
"0x7b932cc23e8e925e8703f1760f9d985c5cc81998e2206782e0b99a264064bf26","10653856","1626511425","2021-07-17 08:43:45","0xff8d8096d4320547fec8b0febf7bc0b58b64951a","0x459e359817606d22693ec6360960c9b8bca254ec","","0","0","0","0.000137963999241198","0","","","","0xc54f6a21",""
"0xf672640ddb6fe35cc79f451912901a1dae72d1db3f7cdfbe3b0a9740446693c0","10653857","1626511433","2021-07-17 08:43:53","0x1d870dba37ccc5a7342e74c0c31035071da85443","0x459e359817606d22693ec6360960c9b8bca254ec","","0","0","0","0.000137987999241066","0","","","","0xc54f6a21",""
"0x818b324d598682ee0df7f0edb45f57b5eb963e94347ae441188710b2dd2b8f3f","10653857","1626511433","2021-07-17 08:43:53","0x6cb9d52f34df1b1a956b8dd541e7241529995b6f","0x459e359817606d22693ec6360960c9b8bca254ec","","0","0","0","0.000137987999241066","0","","","","0xc54f6a21",""
"0x8f6a1c76e1df0df4d1b451efc26e2d07bc20e0891242219ec330d67722014239","10654135","1626515189","2021-07-17 09:46:29","0xff8d8096d4320547fec8b0febf7bc0b58b64951a","0x459e359817606d22693ec6360960c9b8bca254ec","","0","0","0","0.000137963999862036","0","","","","0xc54f6a21",""
"0x68d0fbb29360914d08b6d374cb3570cd4687b7999fa26d30c3567adef83251eb","10654135","1626515189","2021-07-17 09:46:29","0x1d870dba37ccc5a7342e74c0c31035071da85443","0x459e359817606d22693ec6360960c9b8bca254ec","","0","0","0","0.000137987999862012","0","","","","0xc54f6a21",""
"0x0a35fc45e9938e09e0847e2ee90aa846f9c996cb4d1027faee30dcff0310942b","10654135","1626515189","2021-07-17 09:46:29","0x6cb9d52f34df1b1a956b8dd541e7241529995b6f","0x459e359817606d22693ec6360960c9b8bca254ec","","0","0","0","0.000137987999793018","0","","","","0xc54f6a21",""
"0x2b42d13fbc9e02b8ec2a8352dd9e0a157fc28b6b86ba1671395d17a4739f2757","10654411","1626518733","2021-07-17 10:45:33","0xff8d8096d4320547fec8b0febf7bc0b58b64951a","0x459e359817606d22693ec6360960c9b8bca254ec","","0","0","0","0.000137964000068982","0","","","","0xc54f6a21",""
"0x365490f8e3da5fb992359c90c567f82553b1deef9e6ede5986bb4364e34d2897","10654411","1626518733","2021-07-17 10:45:33","0x1d870dba37ccc5a7342e74c0c31035071da85443","0x459e359817606d22693ec6360960c9b8bca254ec","","0","0","0","0.000137988000068994","0","","","","0xc54f6a21",""
"0xf37d00961ec83b24db6d28291deb002ed47b8e3b24364c94d00e71ec7572a3dc","10654411","1626518733","2021-07-17 10:45:33","0x6cb9d52f34df1b1a956b8dd541e7241529995b6f","0x459e359817606d22693ec6360960c9b8bca254ec","","0","0","0","0.000137988000068994","0","","","","0xc54f6a21",""
"0x34f1523acbc9400fe7884d27078b51dc2a273922ed94c3faf306524ac454540d","10654662","1626522240","2021-07-17 11:44:00","0x6cb9d52f34df1b1a956b8dd541e7241529995b6f","0x459e359817606d22693ec6360960c9b8bca254ec","","0","0","0","0.000137987999793018","0","","","","0xc54f6a21",""
"0xa40df4fd1aed76a1e718e95e0254f59a20ccb6c2766a87355e1738b8bfa87ca0","10654662","1626522240","2021-07-17 11:44:00","0xff8d8096d4320547fec8b0febf7bc0b58b64951a","0x459e359817606d22693ec6360960c9b8bca254ec","","0","0","0","0.000137963999724072","0","","","","0xc54f6a21",""
"0xccacb94f17382ca32a7c82dd85cec6a4dbc2c0e8c2c88ae5d9bc11aa3210b47b","10654662","1626522240","2021-07-17 11:44:00","0x1d870dba37ccc5a7342e74c0c31035071da85443","0x459e359817606d22693ec6360960c9b8bca254ec","","0","0","0","0.000137987999724024","0","","","","0xc54f6a21",""
"0x35c48c552fd9dd40e5cfcc1fa7cd0a8b13b52fa7923074288f17c85de802da11","10654968","1626526252","2021-07-17 12:50:52","0xff8d8096d4320547fec8b0febf7bc0b58b64951a","0x459e359817606d22693ec6360960c9b8bca254ec","","0","0","0","0.000137963999862036","0","","","","0xc54f6a21",""
"0xf97a302680a8c7f26125d52a48c74f746f2cb73e62a73232ed9c4a0a10eb9187","10654968","1626526252","2021-07-17 12:50:52","0x6cb9d52f34df1b1a956b8dd541e7241529995b6f","0x459e359817606d22693ec6360960c9b8bca254ec","","0","0","0","0.000137987999862012","0","","","","0xc54f6a21",""
"0x02fdf0bc0801524d110b02846916940b03fba87cb0a5f808f6dfdbe8203793a0","10654968","1626526252","2021-07-17 12:50:52","0x1d870dba37ccc5a7342e74c0c31035071da85443","0x459e359817606d22693ec6360960c9b8bca254ec","","0","0","0","0.000137987999862012","0","","","","0xc54f6a21",""
"0xf3c034f81566672c2e815f67a6eb487a27ee8e88f589d31e1cb71514bf8dde26","10655232","1626529389","2021-07-17 13:43:09","0xff8d8096d4320547fec8b0febf7bc0b58b64951a","0x459e359817606d22693ec6360960c9b8bca254ec","","0","0","0","0.000137963998344432","0","","","","0xc54f6a21",""
"0x5403ebed077a4fd992eccfff3f02a55d6d589c9f568ba88233dc48b3ec3b8ebd","10655232","1626529389","2021-07-17 13:43:09","0x1d870dba37ccc5a7342e74c0c31035071da85443","0x459e359817606d22693ec6360960c9b8bca254ec","","0","0","0","0.000137987998344144","0","","","","0xc54f6a21",""
"0x7ca833e44843ffc1b797c1b89d0919117e340cb4a25104377991eecdae9ad47e","10655232","1626529389","2021-07-17 13:43:09","0x6cb9d52f34df1b1a956b8dd541e7241529995b6f","0x459e359817606d22693ec6360960c9b8bca254ec","","0","0","0","0.000137987998344144","0","","","","0xc54f6a21",""
"0x19dfe140d762e64cad6849d435a626b5c1a8fc3a147f9efa99e93a4b4da9f245","10655620","1626534570","2021-07-17 15:09:30","0xff8d8096d4320547fec8b0febf7bc0b58b64951a","0x459e359817606d22693ec6360960c9b8bca254ec","","0","0","0","0.000137964000275928","0","","","","0xc54f6a21",""
"0x8839fc7c94f1ef02f5be3588c15a9aed0759936a387e7f8429a01bd97d12cc1e","10655620","1626534570","2021-07-17 15:09:30","0x1d870dba37ccc5a7342e74c0c31035071da85443","0x459e359817606d22693ec6360960c9b8bca254ec","","0","0","0","0.000137988000275976","0","","","","0xc54f6a21",""
"0x4640844b658f2b14b03c0d9bef273c04d60d8ad6c8266b422fe58b9ed1ccbb62","10655620","1626534570","2021-07-17 15:09:30","0x6cb9d52f34df1b1a956b8dd541e7241529995b6f","0x459e359817606d22693ec6360960c9b8bca254ec","","0","0","0","0.000137988000275976","0","","","","0xc54f6a21",""
"0xa5dea6317af20fc958336d2db773b7a81fa3af6974f9ac67455c9366bd584e99","10655822","1626537182","2021-07-17 15:53:02","0xff8d8096d4320547fec8b0febf7bc0b58b64951a","0x459e359817606d22693ec6360960c9b8bca254ec","","0","0","0","0.000137964000206946","0","","","","0xc54f6a21",""
"0x240796fc7673f84d91e1643353dda615b079d73ca660b45aa1c6628103bf7653","10655822","1626537182","2021-07-17 15:53:02","0x1d870dba37ccc5a7342e74c0c31035071da85443","0x459e359817606d22693ec6360960c9b8bca254ec","","0","0","0","0.000137988000206982","0","","","","0xc54f6a21",""
"0xb216023b05cfd9bfdb1285c7573b73da70da35aaef80a721b7b7c6e98e653ce6","10655822","1626537182","2021-07-17 15:53:02","0x6cb9d52f34df1b1a956b8dd541e7241529995b6f","0x459e359817606d22693ec6360960c9b8bca254ec","","0","0","0","0.000137988000206982","0","","","","0xc54f6a21",""
"0x4f2909d74c58fca712612e78c3872771a85603571532608239e55e0103d42588","10656196","1626541797","2021-07-17 17:09:57","0x6cb9d52f34df1b1a956b8dd541e7241529995b6f","0x459e359817606d22693ec6360960c9b8bca254ec","","0","0","0","0.000137987999379054","0","","","","0xc54f6a21",""
"0xfe399ae29bc2ec68d1623df1d28a3a58e2320307d314f277d263a2342c3c2e8f","10656196","1626541797","2021-07-17 17:09:57","0x1d870dba37ccc5a7342e74c0c31035071da85443","0x459e359817606d22693ec6360960c9b8bca254ec","","0","0","0","0.000137987999379054","0","","","","0xc54f6a21",""
"0x26ceed0294165880782e991089e1ae15c6602bf3023bdeb67e9b33a9064cf86b","10656196","1626541797","2021-07-17 17:09:57","0xff8d8096d4320547fec8b0febf7bc0b58b64951a","0x459e359817606d22693ec6360960c9b8bca254ec","","0","0","0","0.000137963999379162","0","","","","0xc54f6a21",""
"0xbffdcdd6dcc704074ecb56857ef00a2578ca03d3311137f6d2460b987c220ec2","10656371","1626543856","2021-07-17 17:44:16","0xff8d8096d4320547fec8b0febf7bc0b58b64951a","0x459e359817606d22693ec6360960c9b8bca254ec","","0","0","0","0.000137963998758324","0","","","","0xc54f6a21",""
"0xd0b5765a89b113a9352bfd2719e400bdc187c8ac9c26b9794e56c21a1eb3ba8f","10656380","1626544051","2021-07-17 17:47:31","0x1d870dba37ccc5a7342e74c0c31035071da85443","0x459e359817606d22693ec6360960c9b8bca254ec","","0","0","0","0.000137987998758108","0","","","","0xc54f6a21",""
"0xd0b3f291954ce64db55a99ea44f305f0879fd0e5e5e4f02d213022471595099e","10656380","1626544051","2021-07-17 17:47:31","0x6cb9d52f34df1b1a956b8dd541e7241529995b6f","0x459e359817606d22693ec6360960c9b8bca254ec","","0","0","0","0.000137987998758108","0","","","","0xc54f6a21",""
"0x1708636e6dbf0b3b1507aa0e44ea12c57d212a68f151c85241e041f0e854e7bd","10656655","1626547318","2021-07-17 18:41:58","0xff8d8096d4320547fec8b0febf7bc0b58b64951a","0x459e359817606d22693ec6360960c9b8bca254ec","","0","0","0","0.000137963896113108","0","","","","0xc54f6a21",""
"0x50654af89f9e5524ee702cf490fe19c8680f9ae8c2f9f205d8b0ae4d208e60fd","10656655","1626547318","2021-07-17 18:41:58","0x1d870dba37ccc5a7342e74c0c31035071da85443","0x459e359817606d22693ec6360960c9b8bca254ec","","0","0","0","0.000137987896095036","0","","","","0xc54f6a21",""
"0xb8364600329a734765608e2cc1aa51d3e4393742a6ad671554685bcb80399561","10656655","1626547318","2021-07-17 18:41:58","0x6cb9d52f34df1b1a956b8dd541e7241529995b6f","0x459e359817606d22693ec6360960c9b8bca254ec","","0","0","0","0.00013798789409421","0","","","","0xc54f6a21",""
"0x01c99e3d5c60795919904a588d58baee819dff0049de2d43e0689cee2f06e1a2","10656910","1626550798","2021-07-17 19:39:58","0xff8d8096d4320547fec8b0febf7bc0b58b64951a","0x459e359817606d22693ec6360960c9b8bca254ec","","0","0","0","0.000137963904873822","0","","","","0xc54f6a21",""
"0x3601b57fd5426a386188c40d98b95648d75991ec9577d2f5b98596df30f5dbe8","10656910","1626550798","2021-07-17 19:39:58","0x1d870dba37ccc5a7342e74c0c31035071da85443","0x459e359817606d22693ec6360960c9b8bca254ec","","0","0","0","0.000137987904857274","0","","","","0xc54f6a21",""
"0x6837852e1991f05f23f5a86c7bdb6b6df257d7a900883d1ab3c4a9c604fca27b","10656911","1626550825","2021-07-17 19:40:25","0x6cb9d52f34df1b1a956b8dd541e7241529995b6f","0x459e359817606d22693ec6360960c9b8bca254ec","","0","0","0","0.000137987904857274","0","","","","0xc54f6a21",""
"0x7e14eeecf03008a43a57256d77af23807e9dd5aa0973078031c8486361e33edb","10657308","1626555563","2021-07-17 20:59:23","0x1d870dba37ccc5a7342e74c0c31035071da85443","0x459e359817606d22693ec6360960c9b8bca254ec","","0","0","0","0.000137987904305322","0","","","","0xc54f6a21",""
"0x9efbf8a9d6b24c24ccdb58b5be17a10eea8bee2b5df541aeb3c5055cf19b772d","10657314","1626555656","2021-07-17 21:00:56","0x6cb9d52f34df1b1a956b8dd541e7241529995b6f","0x459e359817606d22693ec6360960c9b8bca254ec","","0","0","0","0.000137987904305322","0","","","","0xc54f6a21",""
"0x974ab113d2872ac371e17f7400c5e8cec9590da86bb4a52cb6a5d1512488722c","10657318","1626555718","2021-07-17 21:01:58","0xff8d8096d4320547fec8b0febf7bc0b58b64951a","0x459e359817606d22693ec6360960c9b8bca254ec","","0","0","0","0.000137963904184002","0","","","","0xc54f6a21",""
"0xfc74f9536e1a3d8dee0418e71ee523af9a4814e241643c1cde789f299d8ecc58","10657580","1626559587","2021-07-17 22:06:27","0xff8d8096d4320547fec8b0febf7bc0b58b64951a","0x459e359817606d22693ec6360960c9b8bca254ec","","0","0","0","0.00013796390377011","0","","","","0xc54f6a21",""
"0x0e58ccf6302a407e6e5ee0a0f32acdb58feb348c8dfc981acee1d971177febe5","10657582","1626559590","2021-07-17 22:06:30","0x6cb9d52f34df1b1a956b8dd541e7241529995b6f","0x459e359817606d22693ec6360960c9b8bca254ec","","0","0","0","0.00013798790375337","0","","","","0xc54f6a21",""
"0xc82164382ce992cfab9b6d56edafd1c0954804b2f206623b49b2fde5cd62d43b","10657583","1626559608","2021-07-17 22:06:48","0x1d870dba37ccc5a7342e74c0c31035071da85443","0x459e359817606d22693ec6360960c9b8bca254ec","","0","0","0","0.00013798790375337","0","","","","0xc54f6a21",""
"0x359dc407d33c85c0dd5f072b8ebb83721549fad17f1eca335560711f792a52fe","10657725","1626561675","2021-07-17 22:41:15","0x6cb9d52f34df1b1a956b8dd541e7241529995b6f","0x459e359817606d22693ec6360960c9b8bca254ec","","0","0","0","0.000137987904029346","0","","","","0xc54f6a21",""
"0xa8a2063a31375c2fae4e55c2b338f181674f59edac526c9751e75fb9dde522d7","10657725","1626561675","2021-07-17 22:41:15","0xff8d8096d4320547fec8b0febf7bc0b58b64951a","0x459e359817606d22693ec6360960c9b8bca254ec","","0","0","0","0.000137963904046038","0","","","","0xc54f6a21",""
"0xe5b9a043bf83746adaabbb75240a135648fd727d18d658bc5d1213cd33e59f20","10657725","1626561675","2021-07-17 22:41:15","0x1d870dba37ccc5a7342e74c0c31035071da85443","0x459e359817606d22693ec6360960c9b8bca254ec","","0","0","0","0.000137987904029346","0","","","","0xc54f6a21",""
"0x695874a1736e2302ee7044c248c479f543d242cdd888d6839cc9a1cacfbfff64","10658014","1626565223","2021-07-17 23:40:23","0x1d870dba37ccc5a7342e74c0c31035071da85443","0x459e359817606d22693ec6360960c9b8bca254ec","","0","0","0","0.00013798790409834","0","","","","0xc54f6a21",""
"0xbbd61160e0f3b16b8f24d2b7c960c531ee534fd905fe8b95bb6a2f078bf8166d","10658014","1626565223","2021-07-17 23:40:23","0x6cb9d52f34df1b1a956b8dd541e7241529995b6f","0x459e359817606d22693ec6360960c9b8bca254ec","","0","0","0","0.00013798790409834","0","","","","0xc54f6a21",""
"0xfb5a2328e8ff55d2cf7f030aff437f0017bbedbe39b85885bb5fccb1cf4cbbd5","10658014","1626565223","2021-07-17 23:40:23","0xff8d8096d4320547fec8b0febf7bc0b58b64951a","0x459e359817606d22693ec6360960c9b8bca254ec","","0","0","0","0.000137963904046038","0","","","","0xc54f6a21",""
"0xef718bbc7a557b3d589f3593ae618960d8e7b3966dd468bcdbf08e0832e2073f","10658403","1626570253","2021-07-18 01:04:13","0xff8d8096d4320547fec8b0febf7bc0b58b64951a","0x459e359817606d22693ec6360960c9b8bca254ec","","0","0","0","0.000137963904252984","0","","","","0xc54f6a21",""
"0x61715ab3337c56dfb2812cd37cadc5dbf342a991d1aa92e7dbba767a4e1c03ca","10658403","1626570253","2021-07-18 01:04:13","0x6cb9d52f34df1b1a956b8dd541e7241529995b6f","0x459e359817606d22693ec6360960c9b8bca254ec","","0","0","0","0.000137987904236328","0","","","","0xc54f6a21",""
"0x279863e12da4f47f67cf2cd994cfc96d80b512ece490699c72e12c963c49775a","10658403","1626570253","2021-07-18 01:04:13","0x1d870dba37ccc5a7342e74c0c31035071da85443","0x459e359817606d22693ec6360960c9b8bca254ec","","0","0","0","0.000137987904236328","0","","","","0xc54f6a21",""
"0xd5984417c94c4adf901364ceaba41137c77ac2ed7051d7cde555ae7f091ea834","10658631","1626573131","2021-07-18 01:52:11","0x6cb9d52f34df1b1a956b8dd541e7241529995b6f","0x459e359817606d22693ec6360960c9b8bca254ec","","0","0","0","0.000137987905064256","0","","","","0xc54f6a21",""
"0xf617711541fb12ebbb3968abd192d237c3acac12e37cbd2d706c434634629b25","10658637","1626573210","2021-07-18 01:53:30","0x1d870dba37ccc5a7342e74c0c31035071da85443","0x459e359817606d22693ec6360960c9b8bca254ec","","0","0","0","0.000137987903684376","0","","","","0xc54f6a21",""
"0x0f793a0b619cce9827c8c92ddfb2e7111c91dce3ef79cf343098f8b09d2a107a","10658637","1626573210","2021-07-18 01:53:30","0xff8d8096d4320547fec8b0febf7bc0b58b64951a","0x459e359817606d22693ec6360960c9b8bca254ec","","0","0","0","0.000137963903701128","0","","","","0xc54f6a21",""
"0x701003fadd95770fab75874b22aae49bc5de0f6b89f8c3b604e36104c830af0a","10658823","1626576097","2021-07-18 02:41:37","0x6cb9d52f34df1b1a956b8dd541e7241529995b6f","0x459e359817606d22693ec6360960c9b8bca254ec","","0","0","0","0.0001379879034084","0","","","","0xc54f6a21",""
"0xabffc89384a2a045dc20314250304442b507f546c2daf6ab47cd8fd6d112e6f3","10658823","1626576097","2021-07-18 02:41:37","0x1d870dba37ccc5a7342e74c0c31035071da85443","0x459e359817606d22693ec6360960c9b8bca254ec","","0","0","0","0.0001379879034084","0","","","","0xc54f6a21",""
"0xdfd4518d0bee8140f404ca54e5c02c6c4b8d2599eb009e9ca6f4da2913811dfd","10658823","1626576097","2021-07-18 02:41:37","0xff8d8096d4320547fec8b0febf7bc0b58b64951a","0x459e359817606d22693ec6360960c9b8bca254ec","","0","0","0","0.0001379639034252","0","","","","0xc54f6a21",""
"0xce2151a04db9bbbc03cec7e53717373be72fb3014a65a563b97a6dc16c214cbf","10659100","1626579834","2021-07-18 03:43:54","0x1d870dba37ccc5a7342e74c0c31035071da85443","0x459e359817606d22693ec6360960c9b8bca254ec","","0","0","0","0.000137987903132424","0","","","","0xc54f6a21",""
"0x03e17d2968cbb531996b6ccdd92d87e32f579ec2458583a1234d5c738dd71c96","10659100","1626579834","2021-07-18 03:43:54","0x6cb9d52f34df1b1a956b8dd541e7241529995b6f","0x459e359817606d22693ec6360960c9b8bca254ec","","0","0","0","0.000137987903132424","0","","","","0xc54f6a21",""
"0x095a4460896d8e802f0082e3e004b5c3d3702a5481806bc6a1358b7ab83f810d","10659100","1626579834","2021-07-18 03:43:54","0xff8d8096d4320547fec8b0febf7bc0b58b64951a","0x459e359817606d22693ec6360960c9b8bca254ec","","0","0","0","0.000137963903149272","0","","","","0xc54f6a21",""
"0xa97c26ae4014539a1c2dd6c860187b20f43a269eff65625ed299b9dc25a08e9f","10659392","1626583537","2021-07-18 04:45:37","0x6cb9d52f34df1b1a956b8dd541e7241529995b6f","0x459e359817606d22693ec6360960c9b8bca254ec","","0","0","0","0.0001379879034084","0","","","","0xc54f6a21",""
"0xa221f21ba8bb609749ad70543f9575529dd4970bd2fedc23584a63c9fe3764f2","10659392","1626583537","2021-07-18 04:45:37","0x1d870dba37ccc5a7342e74c0c31035071da85443","0x459e359817606d22693ec6360960c9b8bca254ec","","0","0","0","0.0001379879034084","0","","","","0xc54f6a21",""
"0x096ddcda63174b7f0e69887eddd9a0009cf468b9f30b4f99b63fd3079b1a8285","10659393","1626583545","2021-07-18 04:45:45","0xff8d8096d4320547fec8b0febf7bc0b58b64951a","0x459e359817606d22693ec6360960c9b8bca254ec","","0","0","0","0.0001379639034252","0","","","","0xc54f6a21",""
"0xf724bfc26ff707d1b0416383bcffb62426a852c8d8276d646804dc9bc6535748","10659658","1626586894","2021-07-18 05:41:34","0x1d870dba37ccc5a7342e74c0c31035071da85443","0x459e359817606d22693ec6360960c9b8bca254ec","","0","0","0","0.000137987999931006","0","","","","0xc54f6a21",""
"0x904e97341073ff74a7c11f853220f56dede30d85be62d15a58da70da3ccf7ab4","10659658","1626586894","2021-07-18 05:41:34","0x6cb9d52f34df1b1a956b8dd541e7241529995b6f","0x459e359817606d22693ec6360960c9b8bca254ec","","0","0","0","0.000137987999931006","0","","","","0xc54f6a21",""
"0x5791631eb50747ed3a054ada14ff3a6f3c293d1d2c4331446421e1d6eca7ef27","10659658","1626586894","2021-07-18 05:41:34","0xff8d8096d4320547fec8b0febf7bc0b58b64951a","0x459e359817606d22693ec6360960c9b8bca254ec","","0","0","0","0.000137963999862036","0","","","","0xc54f6a21",""
"0x8aba4108e80eecbbed4257fc1312d29f176b90b826a012113e20b920cb5a8f29","10659975","1626591001","2021-07-18 06:50:01","0x1d870dba37ccc5a7342e74c0c31035071da85443","0x459e359817606d22693ec6360960c9b8bca254ec","","0","0","0","0.000137987904995262","0","","","","0xc54f6a21",""
"0x27858e9e51f0d2eded3d53e4369ac0740c259c08cc9e82c6fa7bde410862c327","10659975","1626591001","2021-07-18 06:50:01","0xff8d8096d4320547fec8b0febf7bc0b58b64951a","0x459e359817606d22693ec6360960c9b8bca254ec","","0","0","0","0.000137963905011786","0","","","","0xc54f6a21",""
"0xdd97218f210710817a5882ba4bde8422db8c6ed0da7209dc234c250db171bc80","10659975","1626591001","2021-07-18 06:50:01","0x6cb9d52f34df1b1a956b8dd541e7241529995b6f","0x459e359817606d22693ec6360960c9b8bca254ec","","0","0","0","0.000137987904995262","0","","","","0xc54f6a21",""
"0x8f41813f6539842864e5fbaae36b71ef67322294ce0f4c6805662b5fac17b958","10660276","1626594874","2021-07-18 07:54:34","0x1d870dba37ccc5a7342e74c0c31035071da85443","0x459e359817606d22693ec6360960c9b8bca254ec","","0","0","0","0.000137987903960352","0","","","","0xc54f6a21",""
"0x30313d54c3403b4410931f82f6718037743c9a20f52e08527a95208e474c7b4e","10660277","1626594885","2021-07-18 07:54:45","0xff8d8096d4320547fec8b0febf7bc0b58b64951a","0x459e359817606d22693ec6360960c9b8bca254ec","","0","0","0","0.000137963903977056","0","","","","0xc54f6a21",""
"0x20f2f055a1511d986c8001d0893d03280d026ef5857986d58e531f36303d77f8","10660277","1626594885","2021-07-18 07:54:45","0x6cb9d52f34df1b1a956b8dd541e7241529995b6f","0x459e359817606d22693ec6360960c9b8bca254ec","","0","0","0","0.000137987903960352","0","","","","0xc54f6a21",""
"0x005521a32f471e57c256d318d2b0b60c0d76944759b991ad3a027e97798839bf","10660491","1626597708","2021-07-18 08:41:48","0xff8d8096d4320547fec8b0febf7bc0b58b64951a","0x459e359817606d22693ec6360960c9b8bca254ec","","0","0","0","0.000137963904184002","0","","","","0xc54f6a21",""
"0x6e7d579f605edd169e93fa4b79f76b1aa8c7a914b27eef395262a219389592b7","10660491","1626597708","2021-07-18 08:41:48","0x6cb9d52f34df1b1a956b8dd541e7241529995b6f","0x459e359817606d22693ec6360960c9b8bca254ec","","0","0","0","0.000137987904167334","0","","","","0xc54f6a21",""
"0x4c6d24ab593688cb92b23eb04a0ac58b2e3e2e73fc2e3cfdee6eb7d17309b624","10660536","1626598434","2021-07-18 08:53:54","0x1d870dba37ccc5a7342e74c0c31035071da85443","0x459e359817606d22693ec6360960c9b8bca254ec","","0","0","0","0.000137987904167334","0","","","","0xc54f6a21",""
"0xea447d80657501f345005569990478d69f60d4a9719bc44a66830e13d6c9fdf6","10660747","1626601191","2021-07-18 09:39:51","0x6cb9d52f34df1b1a956b8dd541e7241529995b6f","0x459e359817606d22693ec6360960c9b8bca254ec","","0","0","0","0.000137987903546388","0","","","","0xc54f6a21",""
"0x78c74e81555cd0d19b94745bfaed70c9ea79176210d1f8caf26cdeaa31fad658","10660747","1626601191","2021-07-18 09:39:51","0x1d870dba37ccc5a7342e74c0c31035071da85443","0x459e359817606d22693ec6360960c9b8bca254ec","","0","0","0","0.000137987903546388","0","","","","0xc54f6a21",""
"0xb06d37c1fc9bfc9844b0e0f58868ffffb2c512a483d2e2fadcf87bf281f23928","10660747","1626601191","2021-07-18 09:39:51","0xff8d8096d4320547fec8b0febf7bc0b58b64951a","0x459e359817606d22693ec6360960c9b8bca254ec","","0","0","0","0.000137963903563164","0","","","","0xc54f6a21",""
"0x96503b5a8fdf1bf80ba8bf8af9517b9b2c5623acdeca2b040325d4602d774764","10661015","1626604983","2021-07-18 10:43:03","0x1d870dba37ccc5a7342e74c0c31035071da85443","0x459e359817606d22693ec6360960c9b8bca254ec","","0","0","0","0.000137987903477394","0","","","","0xc54f6a21",""
"0x990244d061ab21374ac46d9c7efae0e37f44f17e376923a39a1e146d00fabca3","10661015","1626604983","2021-07-18 10:43:03","0xff8d8096d4320547fec8b0febf7bc0b58b64951a","0x459e359817606d22693ec6360960c9b8bca254ec","","0","0","0","0.0001379639034252","0","","","","0xc54f6a21",""
"0xb2c93c3239e451c62478d162ce071052baa79ad9986bc17c3015b56e64afc285","10661015","1626604983","2021-07-18 10:43:03","0x6cb9d52f34df1b1a956b8dd541e7241529995b6f","0x459e359817606d22693ec6360960c9b8bca254ec","","0","0","0","0.0001379879034084","0","","","","0xc54f6a21",""
"0xab7f346015bbbc88866a4cdf3fb35c925407c23ce3041d4ae6e350d6a76e61bc","10661344","1626609275","2021-07-18 11:54:35","0x6cb9d52f34df1b1a956b8dd541e7241529995b6f","0x459e359817606d22693ec6360960c9b8bca254ec","","0","0","0","0.000137987904236328","0","","","","0xc54f6a21",""
"0x5b5c8f262b83dcea04a31120d8d6878cfac6e36f53fd0bb5f41fc53e8c7109ef","10661344","1626609275","2021-07-18 11:54:35","0x1d870dba37ccc5a7342e74c0c31035071da85443","0x459e359817606d22693ec6360960c9b8bca254ec","","0","0","0","0.000137987904167334","0","","","","0xc54f6a21",""
"0x70e3a7daa1cdb430b5c1c0234240d1f34bbae9854685985ef9ca2d918088c98d","10661344","1626609275","2021-07-18 11:54:35","0xff8d8096d4320547fec8b0febf7bc0b58b64951a","0x459e359817606d22693ec6360960c9b8bca254ec","","0","0","0","0.000137963904184002","0","","","","0xc54f6a21",""
"0x9167dfc70b6cd46402679c1688828ba878908924e0cc7e1f3e087563bab18f7d","10661672","1626613389","2021-07-18 13:03:09","0x6cb9d52f34df1b1a956b8dd541e7241529995b6f","0x459e359817606d22693ec6360960c9b8bca254ec","","0","0","0","0.000138015501905322","0","","","","0xc54f6a21",""
"0x569f969bf705d46b0975b1450114894f126ace875f2fa517ed566398f2863f30","10661672","1626613389","2021-07-18 13:03:09","0x1d870dba37ccc5a7342e74c0c31035071da85443","0x459e359817606d22693ec6360960c9b8bca254ec","","0","0","0","0.000138015501905322","0","","","","0xc54f6a21",""
"0x3d1a1cb47f8e41d7b78618a3c9acb9952428e27a39b2fd020a0e79e742fb7cf5","10661673","1626613418","2021-07-18 13:03:38","0xff8d8096d4320547fec8b0febf7bc0b58b64951a","0x459e359817606d22693ec6360960c9b8bca254ec","","0","0","0","0.00013796400103473","0","","","","0xc54f6a21",""
"0x4c084c47d5efdd5ca8e817e072531e918143f61f231d6187ab0b591982ea5f40","10661914","1626616454","2021-07-18 13:54:14","0xff8d8096d4320547fec8b0febf7bc0b58b64951a","0x459e359817606d22693ec6360960c9b8bca254ec","","0","0","0","0.000137963999724072","0","","","","0xc54f6a21",""
"0x2c0c3947184b58a4e80baf68cf54dab8ee9c08d6b8a74e325caa4783cacbfe37","10661987","1626617415","2021-07-18 14:10:15","0x6cb9d52f34df1b1a956b8dd541e7241529995b6f","0x459e359817606d22693ec6360960c9b8bca254ec","","0","0","0","0.000137987999724024","0","","","","0xc54f6a21",""
"0x1b44e84a02f4981e892b08eace9072f214a1a80a6070a0d5f47027ae1e46c5a8","10661988","1626617438","2021-07-18 14:10:38","0x1d870dba37ccc5a7342e74c0c31035071da85443","0x459e359817606d22693ec6360960c9b8bca254ec","","0","0","0","0.00013798799965503","0","","","","0xc54f6a21",""
"0xd9d5a0276f7ed84506c6656f9e3efcc2090e80b68c6bb9b93624c73e101de804","10662167","1626619568","2021-07-18 14:46:08","0x1d870dba37ccc5a7342e74c0c31035071da85443","0x459e359817606d22693ec6360960c9b8bca254ec","","0","0","0","0.00013798799965503","0","","","","0xc54f6a21",""
"0x10187dae8837b49797c32d1fc5b4d3b9b21633c954be022ba25be006034127c6","10662168","1626619646","2021-07-18 14:47:26","0xff8d8096d4320547fec8b0febf7bc0b58b64951a","0x459e359817606d22693ec6360960c9b8bca254ec","","0","0","0","0.00013796399965509","0","","","","0xc54f6a21",""
"0xf9163c48cae743731a84a663c05e8aa6920b40352832b5443b9b1916f437d011","10662168","1626619646","2021-07-18 14:47:26","0x6cb9d52f34df1b1a956b8dd541e7241529995b6f","0x459e359817606d22693ec6360960c9b8bca254ec","","0","0","0","0.00013798799965503","0","","","","0xc54f6a21",""
"0x8dc9fb7c84c626284fe17e28bd21f2f4a36a07c498a776b52a3af65247f3af47","10662416","1626622926","2021-07-18 15:42:06","0x1d870dba37ccc5a7342e74c0c31035071da85443","0x459e359817606d22693ec6360960c9b8bca254ec","","0","0","0","0.00013798799965503","0","","","","0xc54f6a21",""
"0x3ec33001116ebed3b6d7ddc60ad288638ced81b7396423e8c436bb8d70408d7c","10662416","1626622926","2021-07-18 15:42:06","0xff8d8096d4320547fec8b0febf7bc0b58b64951a","0x459e359817606d22693ec6360960c9b8bca254ec","","0","0","0","0.00013796399965509","0","","","","0xc54f6a21",""
"0xe40c434b485b80d5b0930fd7b1b33c727410b0e89f321ef4974fe6355639e4e9","10662417","1626622941","2021-07-18 15:42:21","0x6cb9d52f34df1b1a956b8dd541e7241529995b6f","0x459e359817606d22693ec6360960c9b8bca254ec","","0","0","0","0.00013798799965503","0","","","","0xc54f6a21",""
"0x8d41e6a140ea5ae1db02d4c83643fb48546db308b7e4a4bc2a0b5dfbf28a476c","10662670","1626626508","2021-07-18 16:41:48","0xff8d8096d4320547fec8b0febf7bc0b58b64951a","0x459e359817606d22693ec6360960c9b8bca254ec","","0","0","0","0.000137963999862036","0","","","","0xc54f6a21",""
"0x1a99981c0304fd34bd5a86fb69ba9d1aa13ef5978e8f75610396cf7df50a7ee5","10662670","1626626508","2021-07-18 16:41:48","0x1d870dba37ccc5a7342e74c0c31035071da85443","0x459e359817606d22693ec6360960c9b8bca254ec","","0","0","0","0.000137987999862012","0","","","","0xc54f6a21",""
"0xc2198ecb33c28fa00622bb103f908c57757e3bb399a689e99e85dec2d4bd1877","10662670","1626626508","2021-07-18 16:41:48","0x6cb9d52f34df1b1a956b8dd541e7241529995b6f","0x459e359817606d22693ec6360960c9b8bca254ec","","0","0","0","0.000137987999793018","0","","","","0xc54f6a21",""
"0x5410d09bdf420be47763668168a5083ff74ef24eb8c3d8bc2a68b95f7a5935a3","10662952","1626629948","2021-07-18 17:39:08","0x1d870dba37ccc5a7342e74c0c31035071da85443","0x459e359817606d22693ec6360960c9b8bca254ec","","0","0","0","0.00013798799931006","0","","","","0xc54f6a21",""
"0x09a2ac0e88032bd342bece475bf2a53e340db62cc77cbeeadf53a1ec95fa351d","10662952","1626629948","2021-07-18 17:39:08","0x6cb9d52f34df1b1a956b8dd541e7241529995b6f","0x459e359817606d22693ec6360960c9b8bca254ec","","0","0","0","0.00013798799931006","0","","","","0xc54f6a21",""
"0xeb350c836dbc6839c8814d51cc5cefaa887c382c5ad37fe2e3da4a4156217561","10662954","1626629957","2021-07-18 17:39:17","0xff8d8096d4320547fec8b0febf7bc0b58b64951a","0x459e359817606d22693ec6360960c9b8bca254ec","","0","0","0","0.00013796399931018","0","","","","0xc54f6a21",""
"0xf213dd0e62725016b0b668822b364e19c893a2f74b99f7850fd49da11e6f3bf1","10663248","1626633753","2021-07-18 18:42:33","0xff8d8096d4320547fec8b0febf7bc0b58b64951a","0x459e359817606d22693ec6360960c9b8bca254ec","","0","0","0","0.000137964000275928","0","","","","0xc54f6a21",""
"0xe393dcccf314a94283edd9ec38dfb63641ea53576386421061b074138608e601","10663248","1626633753","2021-07-18 18:42:33","0x1d870dba37ccc5a7342e74c0c31035071da85443","0x459e359817606d22693ec6360960c9b8bca254ec","","0","0","0","0.000137988000275976","0","","","","0xc54f6a21",""
"0x05ee575b248648b1d5477067cb428ed6374395ed1620988e93480bfb88e6886d","10663248","1626633753","2021-07-18 18:42:33","0x6cb9d52f34df1b1a956b8dd541e7241529995b6f","0x459e359817606d22693ec6360960c9b8bca254ec","","0","0","0","0.000137988000275976","0","","","","0xc54f6a21",""
"0x4df1f259797521fb20c15bd5c93c3438c691b7644bf94a09758a6379833d1bd3","10663536","1626637688","2021-07-18 19:48:08","0xff8d8096d4320547fec8b0febf7bc0b58b64951a","0x459e359817606d22693ec6360960c9b8bca254ec","","0","0","0","0.000137963999517126","0","","","","0xc54f6a21",""
"0xcc285b2113ff07a6a9f6501a9b966f1a2fcc44a6dbe65a29297a33f3c9ce0e91","10663536","1626637688","2021-07-18 19:48:08","0x1d870dba37ccc5a7342e74c0c31035071da85443","0x459e359817606d22693ec6360960c9b8bca254ec","","0","0","0","0.000137987999517042","0","","","","0xc54f6a21",""
"0x59afe887bf5c3b64afae89cf3d456bf3764246f454d6b2c800b73e767ccfb6b3","10663536","1626637688","2021-07-18 19:48:08","0x6cb9d52f34df1b1a956b8dd541e7241529995b6f","0x459e359817606d22693ec6360960c9b8bca254ec","","0","0","0","0.000137987999517042","0","","","","0xc54f6a21",""
"0xf20be14db8b86dad87c65419d4f49b2e2c777f9585509e3a1c8d4c7adf0e0da8","10663788","1626640741","2021-07-18 20:39:01","0xff8d8096d4320547fec8b0febf7bc0b58b64951a","0x459e359817606d22693ec6360960c9b8bca254ec","","0","0","0","0.00013796399965509","0","","","","0xc54f6a21",""
"0xf02622d5227536d55e2fecfe870878f7556440885d75c34e675bf4a90aae6bb4","10663788","1626640741","2021-07-18 20:39:01","0x6cb9d52f34df1b1a956b8dd541e7241529995b6f","0x459e359817606d22693ec6360960c9b8bca254ec","","0","0","0","0.00013798799965503","0","","","","0xc54f6a21",""
"0xa0c943f507f175f0a40dc4da734049deb9b0d2e48e4bd29fdb3a1cb53edb4fc2","10663788","1626640741","2021-07-18 20:39:01","0x1d870dba37ccc5a7342e74c0c31035071da85443","0x459e359817606d22693ec6360960c9b8bca254ec","","0","0","0","0.00013798799965503","0","","","","0xc54f6a21",""
"0xda87b217476509ae650f9e6e767c18bb64a047e73b84fdceecbb60cfd5eeac8e","10664112","1626645039","2021-07-18 21:50:39","0xff8d8096d4320547fec8b0febf7bc0b58b64951a","0x459e359817606d22693ec6360960c9b8bca254ec","","0","0","0","0.000137964000413892","0","","","","0xc54f6a21",""
"0x4293a970fd5b9d9df79b58438252480750fd03fd3e55cfaf7d48ec8df0897405","10664112","1626645039","2021-07-18 21:50:39","0x1d870dba37ccc5a7342e74c0c31035071da85443","0x459e359817606d22693ec6360960c9b8bca254ec","","0","0","0","0.000137988000413964","0","","","","0xc54f6a21",""
"0x30f1f8c98da0ea8712c7e2497f79beee6e1bba3d8df00f3be281ac76b2244b50","10664112","1626645039","2021-07-18 21:50:39","0x6cb9d52f34df1b1a956b8dd541e7241529995b6f","0x459e359817606d22693ec6360960c9b8bca254ec","","0","0","0","0.000137988000413964","0","","","","0xc54f6a21",""
"0x573bae27eb8145160c1f22cd36f6fb5e7775bf3c39b99349857af660021685a6","10664369","1626648171","2021-07-18 22:42:51","0xff8d8096d4320547fec8b0febf7bc0b58b64951a","0x459e359817606d22693ec6360960c9b8bca254ec","","0","0","0","0.00013796400034491","0","","","","0xc54f6a21",""
"0x3baaa4af3a7d0cf1b5b7eb678a057e8b8210ca935e729b5d6bdd9fd5d20dfed0","10664470","1626649314","2021-07-18 23:01:54","0x6cb9d52f34df1b1a956b8dd541e7241529995b6f","0x459e359817606d22693ec6360960c9b8bca254ec","","0","0","0","0.000137988000206982","0","","","","0xc54f6a21",""
"0x39dd7987c5f71a34b4421c254f86d311361f68bf1aaf8ca363fe39e026f72f19","10664470","1626649314","2021-07-18 23:01:54","0x1d870dba37ccc5a7342e74c0c31035071da85443","0x459e359817606d22693ec6360960c9b8bca254ec","","0","0","0","0.000137988000206982","0","","","","0xc54f6a21",""
"0xc18a02f2ab7fcb26b117bd195bf4ebcd2e2e073032d11edf14b0dbc475a56b0b","10664715","1626652573","2021-07-18 23:56:13","0x1d870dba37ccc5a7342e74c0c31035071da85443","0x459e359817606d22693ec6360960c9b8bca254ec","","0","0","0","0.000137988000896922","0","","","","0xc54f6a21",""
"0x70b74fed4d498e248b4814a0602666f4f47a24b99f00cddaf415a80e24ea345d","10664813","1626653624","2021-07-19 00:13:44","0xff8d8096d4320547fec8b0febf7bc0b58b64951a","0x459e359817606d22693ec6360960c9b8bca254ec","","0","0","0","0.000137964000896766","0","","","","0xc54f6a21",""
"0x9c22f6a4bb75bad8cfd7596977c26d4aa3eb25e695130e9bd44f7031fd88c65d","10664813","1626653624","2021-07-19 00:13:44","0x6cb9d52f34df1b1a956b8dd541e7241529995b6f","0x459e359817606d22693ec6360960c9b8bca254ec","","0","0","0","0.000137988000827928","0","","","","0xc54f6a21",""
"0x31a9885eb93c937af9bca0bf9a6ce1bdbbc3fe2247a197b7c93f2b41c5a2e821","10664927","1626655288","2021-07-19 00:41:28","0xff8d8096d4320547fec8b0febf7bc0b58b64951a","0x459e359817606d22693ec6360960c9b8bca254ec","","0","0","0","0.000137964000413892","0","","","","0xc54f6a21",""
"0xc468f2ea9a41f6ec0d029f197d77b968434ea4c5f6cc663f91f8cec6a7580446","10664927","1626655288","2021-07-19 00:41:28","0x6cb9d52f34df1b1a956b8dd541e7241529995b6f","0x459e359817606d22693ec6360960c9b8bca254ec","","0","0","0","0.000137988000413964","0","","","","0xc54f6a21",""
"0xe19d3153d8f20e91cfb0e43cd3b0e41f0e05d86877c1e034dc1c63dcff2de66c","10664927","1626655288","2021-07-19 00:41:28","0x1d870dba37ccc5a7342e74c0c31035071da85443","0x459e359817606d22693ec6360960c9b8bca254ec","","0","0","0","0.00013798800034497","0","","","","0xc54f6a21",""
"0x676df4be5d03b972ed8950083fc83eddf158abb9aa6f4fa4f685772eed736caf","10665230","1626659027","2021-07-19 01:43:47","0x1d870dba37ccc5a7342e74c0c31035071da85443","0x459e359817606d22693ec6360960c9b8bca254ec","","0","0","0","0.00013798799965503","0","","","","0xc54f6a21",""
"0x48d8916cb370bef5842e4472fc2dbe63cf3e5ecbe1106cab993ae12edab9ea5a","10665234","1626659108","2021-07-19 01:45:08","0xff8d8096d4320547fec8b0febf7bc0b58b64951a","0x459e359817606d22693ec6360960c9b8bca254ec","","0","0","0","0.000137963999793054","0","","","","0xc54f6a21",""
"0xf7d66ffe4bd853e81a0e7c6a19ea53f73c6c2a6cc6cecee80069432c78621e46","10665234","1626659108","2021-07-19 01:45:08","0x6cb9d52f34df1b1a956b8dd541e7241529995b6f","0x459e359817606d22693ec6360960c9b8bca254ec","","0","0","0","0.00013798799965503","0","","","","0xc54f6a21",""
"0xc349861ae7fc94d3394a6280ee81cd4c709478ebd72dae6fd54ff626dd6f98d3","10665598","1626663849","2021-07-19 03:04:09","0xff8d8096d4320547fec8b0febf7bc0b58b64951a","0x459e359817606d22693ec6360960c9b8bca254ec","","0","0","0","0.000137964006277362","0","","","","0xc54f6a21",""
"0x4f401a304ac510f4d160731462c81fbf929658676f8d2c8131f38db20a48024f","10665598","1626663849","2021-07-19 03:04:09","0x6cb9d52f34df1b1a956b8dd541e7241529995b6f","0x459e359817606d22693ec6360960c9b8bca254ec","","0","0","0","0.000137988006278454","0","","","","0xc54f6a21",""
"0xb928066cc6a7673f64bf243996b39ea0b38d34e947e9d03bf704735a9554cfe2","10665600","1626663866","2021-07-19 03:04:26","0x1d870dba37ccc5a7342e74c0c31035071da85443","0x459e359817606d22693ec6360960c9b8bca254ec","","0","0","0","0.000137988006278454","0","","","","0xc54f6a21",""
"0xe797cd6d2f41b72d1ea19de3ab363cfc0d4812770f81eaf769eda12866df0ea7","10665768","1626666223","2021-07-19 03:43:43","0x1d870dba37ccc5a7342e74c0c31035071da85443","0x459e359817606d22693ec6360960c9b8bca254ec","","0","0","0","0.000137988013177854","0","","","","0xc54f6a21",""
"0x0cfdb804e70168802218b183bed2be765b57731796899b1380e39f1206692a93","10665771","1626666251","2021-07-19 03:44:11","0x6cb9d52f34df1b1a956b8dd541e7241529995b6f","0x459e359817606d22693ec6360960c9b8bca254ec","","0","0","0","0.000137987982199548","0","","","","0xc54f6a21",""
"0x4192f7df3f9bd4ca303ff99404f673eda76ac91f54200b826eb89e246c1b233a","10665771","1626666251","2021-07-19 03:44:11","0xff8d8096d4320547fec8b0febf7bc0b58b64951a","0x459e359817606d22693ec6360960c9b8bca254ec","","0","0","0","0.000137963982202644","0","","","","0xc54f6a21",""
"0x33018d235073f6cc58c03cb49a5e2d371fa16fcdef4186c82e33b6a8f2c6d693","10666065","1626670145","2021-07-19 04:49:05","0x1d870dba37ccc5a7342e74c0c31035071da85443","0x459e359817606d22693ec6360960c9b8bca254ec","","0","0","0","0.000137988025596774","0","","","","0xc54f6a21",""
"0xbd4c6c534b18026086f57a11c5c01e31ef6525e7e4a4a496f1ecbdbc02513c4b","10666065","1626670145","2021-07-19 04:49:05","0xff8d8096d4320547fec8b0febf7bc0b58b64951a","0x459e359817606d22693ec6360960c9b8bca254ec","","0","0","0","0.000137964025592322","0","","","","0xc54f6a21",""
"0x1b042e6047d8178f2037eac2b065a6d7bfa96e177bfabe11d66e6626d4797d6b","10666065","1626670145","2021-07-19 04:49:05","0x6cb9d52f34df1b1a956b8dd541e7241529995b6f","0x459e359817606d22693ec6360960c9b8bca254ec","","0","0","0","0.000137988025596774","0","","","","0xc54f6a21",""
"0xa38833a97a9aedecca5bd60da0a659778bd5f0f62ae52f7665b31b730d863a8a","10666301","1626673384","2021-07-19 05:43:04","0x6cb9d52f34df1b1a956b8dd541e7241529995b6f","0x459e359817606d22693ec6360960c9b8bca254ec","","0","0","0","0.000137988002345796","0","","","","0xc54f6a21",""
"0x7c05c6e8bca1dd00d99ae7123a82379241d786af435f8b668ca52b7fb66c5020","10666303","1626673406","2021-07-19 05:43:26","0x1d870dba37ccc5a7342e74c0c31035071da85443","0x459e359817606d22693ec6360960c9b8bca254ec","","0","0","0","0.000137988002345796","0","","","","0xc54f6a21",""
"0xec956bb80bc44367157cac33cbc46a165d44f9b690a92133614ee48e76bc559c","10666304","1626673421","2021-07-19 05:43:41","0xff8d8096d4320547fec8b0febf7bc0b58b64951a","0x459e359817606d22693ec6360960c9b8bca254ec","","0","0","0","0.000137964002345388","0","","","","0xc54f6a21",""
"0x0f122db1f470920c8a37e891af672ec1cc9965a3c30e7339b9829861f59e9c3f","10666576","1626676887","2021-07-19 06:41:27","0x6cb9d52f34df1b1a956b8dd541e7241529995b6f","0x459e359817606d22693ec6360960c9b8bca254ec","","0","0","0","0.000137988016420572","0","","","","0xc54f6a21",""
"0x92a5c71f76d7ac0c03faa9a802d801700f47c59bb2228dd305a5c95a1c177812","10666576","1626676887","2021-07-19 06:41:27","0xff8d8096d4320547fec8b0febf7bc0b58b64951a","0x459e359817606d22693ec6360960c9b8bca254ec","","0","0","0","0.000137964016417716","0","","","","0xc54f6a21",""
"0x6db125dac939de9670a1a265b525a8cf0eae2252dcf6dc3f923b3fbd33ef9c26","10666587","1626677010","2021-07-19 06:43:30","0x1d870dba37ccc5a7342e74c0c31035071da85443","0x459e359817606d22693ec6360960c9b8bca254ec","","0","0","0","0.000137987993514564","0","","","","0xc54f6a21",""
"0xd334aa83401a3173c4ee0b3596100f5fee50bea3da38845a00d43616b241174a","10666832","1626680478","2021-07-19 07:41:18","0x6cb9d52f34df1b1a956b8dd541e7241529995b6f","0x459e359817606d22693ec6360960c9b8bca254ec","","0","0","0","0.000137988002345796","0","","","","0xc54f6a21",""
"0x44f0179f514c6e14de20a4afadf529aeaf9ebb9265f9ffb00c0ab03470f972d2","10666832","1626680478","2021-07-19 07:41:18","0xff8d8096d4320547fec8b0febf7bc0b58b64951a","0x459e359817606d22693ec6360960c9b8bca254ec","","0","0","0","0.000137964002345388","0","","","","0xc54f6a21",""
"0x1638feac68bb7d43ec056944593106b274d3150bd45c45671817cb2103297004","10666833","1626680486","2021-07-19 07:41:26","0x1d870dba37ccc5a7342e74c0c31035071da85443","0x459e359817606d22693ec6360960c9b8bca254ec","","0","0","0","0.000137988002345796","0","","","","0xc54f6a21",""
"0x84bded5717be340075d55418467003b4059251c8a8610ba4ddea2ec5cb9c01d4","10667111","1626684177","2021-07-19 08:42:57","0x6cb9d52f34df1b1a956b8dd541e7241529995b6f","0x459e359817606d22693ec6360960c9b8bca254ec","","0","0","0","0.000328480432206156","0","","","","0xc54f6a21",""
"0x34064ef1178e47cbd8786edb8f7c44514566cfb8ec8e1d4dd06b0ce90e0581d1","10667111","1626684177","2021-07-19 08:42:57","0x1d870dba37ccc5a7342e74c0c31035071da85443","0x459e359817606d22693ec6360960c9b8bca254ec","","0","0","0","0.000328480432206156","0","","","","0xc54f6a21",""
"0xc0a76abaf36604181fea2e34e97fcb608b668fda31bf1abadfd68f1b108723cc","10667111","1626684177","2021-07-19 08:42:57","0xff8d8096d4320547fec8b0febf7bc0b58b64951a","0x459e359817606d22693ec6360960c9b8bca254ec","","0","0","0","0.00032842329958563","0","","","","0xc54f6a21",""
"0xa8aa78c58921e7a895b0fde025218066576ae901be70cce96d75bc54eb78208a","10667419","1626688279","2021-07-19 09:51:19","0x6cb9d52f34df1b1a956b8dd541e7241529995b6f","0x459e359817606d22693ec6360960c9b8bca254ec","","0","0","0","0.000275976002345796","0","","","","0xc54f6a21",""
"0xeeaaf318038ab21e7d457dd768659d3296663d189a29bb72101fefe210742a79","10667419","1626688279","2021-07-19 09:51:19","0x1d870dba37ccc5a7342e74c0c31035071da85443","0x459e359817606d22693ec6360960c9b8bca254ec","","0","0","0","0.000275976002345796","0","","","","0xc54f6a21",""
"0xa73508ec12d5be3e3e680a9b18c9608ca0429ba69eabc5883485ceb6dceeb334","10667419","1626688279","2021-07-19 09:51:19","0xff8d8096d4320547fec8b0febf7bc0b58b64951a","0x459e359817606d22693ec6360960c9b8bca254ec","","0","0","0","0.000275928002345388","0","","","","0xc54f6a21",""
"0x513758685793ae3cc4015096c838e3f7891aaf2d0966f7dc2c7a5a86c3dc6937","10667648","1626691353","2021-07-19 10:42:33","0x6cb9d52f34df1b1a956b8dd541e7241529995b6f","0x459e359817606d22693ec6360960c9b8bca254ec","","0","0","0","0.000275976003518694","0","","","","0xc54f6a21",""
"0x01836909e1646f22861e0c97d2cbf6254e0a3b764c6b8291147772d110da3885","10667648","1626691353","2021-07-19 10:42:33","0xff8d8096d4320547fec8b0febf7bc0b58b64951a","0x459e359817606d22693ec6360960c9b8bca254ec","","0","0","0","0.0002759280034491","0","","","","0xc54f6a21",""
"0x63dab86611feb8f12e9189a221b8fe8d5895073c54939b43fcb3f7908977f5d3","10667648","1626691353","2021-07-19 10:42:33","0x1d870dba37ccc5a7342e74c0c31035071da85443","0x459e359817606d22693ec6360960c9b8bca254ec","","0","0","0","0.0002759760034497","0","","","","0xc54f6a21",""
"0xf4ec774dfe5b81a198ba34ec3b251c9e556ec271d8f770373869813d3790c781","10667930","1626694969","2021-07-19 11:42:49","0xff8d8096d4320547fec8b0febf7bc0b58b64951a","0x459e359817606d22693ec6360960c9b8bca254ec","","0","0","0","0.000144862360314168","0","","","","0xc54f6a21",""
"0xf711eeac6e93d4169130ba7308e37d8a7587d09373acf6c1ba581d7f6b613e3a","10667930","1626694969","2021-07-19 11:42:49","0x6cb9d52f34df1b1a956b8dd541e7241529995b6f","0x459e359817606d22693ec6360960c9b8bca254ec","","0","0","0","0.000144887560342056","0","","","","0xc54f6a21",""
"0x8bd81b1916b1d581f69066279ab139a308bb97bbb0d747c6a4f9777dc5f6136e","10667930","1626694969","2021-07-19 11:42:49","0x1d870dba37ccc5a7342e74c0c31035071da85443","0x459e359817606d22693ec6360960c9b8bca254ec","","0","0","0","0.000144887554477566","0","","","","0xc54f6a21",""
"0xad7fec560c5e9828cc97d3a0528bb3846a4c691cbdb67277ca0857a2c4556de0","10668188","1626698338","2021-07-19 12:38:58","0x6cb9d52f34df1b1a956b8dd541e7241529995b6f","0x459e359817606d22693ec6360960c9b8bca254ec","","0","0","0","0.000144887454091296","0","","","","0xc54f6a21",""
"0x40208ef4266b49972ff069db5fbe3d60f470a4996737072a44fd9f46cdd72439","10668188","1626698338","2021-07-19 12:38:58","0xff8d8096d4320547fec8b0febf7bc0b58b64951a","0x459e359817606d22693ec6360960c9b8bca254ec","","0","0","0","0.000144862254081888","0","","","","0xc54f6a21",""
"0x0346be3c0b422ea95509f89b1d7af8e26939a1f8c8c9c0c21c5b40edb53f7c33","10668188","1626698338","2021-07-19 12:38:58","0x1d870dba37ccc5a7342e74c0c31035071da85443","0x459e359817606d22693ec6360960c9b8bca254ec","","0","0","0","0.000144887453953308","0","","","","0xc54f6a21",""
"0x0a4f6f294c17e8111c7eeea72c72d4e34a552fa34b47790e1ec028779a837361","10668475","1626702165","2021-07-19 13:42:45","0xff8d8096d4320547fec8b0febf7bc0b58b64951a","0x459e359817606d22693ec6360960c9b8bca254ec","","0","0","0","0.000344909999379162","0","","","","0xc54f6a21",""
"0x53a41f80cdad45504b183d6167dc0abeceb67d7542c0fd3e0b58289d86011897","10668475","1626702165","2021-07-19 13:42:45","0x1d870dba37ccc5a7342e74c0c31035071da85443","0x459e359817606d22693ec6360960c9b8bca254ec","","0","0","0","0.000344969999379054","0","","","","0xc54f6a21",""
"0xc390e593a82f7423e6dc0b1e6dd5020cbb607d28eb630aa22a999dcf8d77e556","10668485","1626702287","2021-07-19 13:44:47","0x6cb9d52f34df1b1a956b8dd541e7241529995b6f","0x459e359817606d22693ec6360960c9b8bca254ec","","0","0","0","0.000144887400068994","0","","","","0xc54f6a21",""
"0x90c37e08ea52e585c4b62947b2857ea59214ae52858ddca3916ca881c0655e7f","10668828","1626706667","2021-07-19 14:57:47","0xff8d8096d4320547fec8b0febf7bc0b58b64951a","0x459e359817606d22693ec6360960c9b8bca254ec","","0","0","0","0.000144862205035686","0","","","","0xc54f6a21",""
"0x3eead12dc2f446c77eab6aeaa043c3b81badef49367541ad9960692b0d491721","10668830","1626706674","2021-07-19 14:57:54","0x6cb9d52f34df1b1a956b8dd541e7241529995b6f","0x459e359817606d22693ec6360960c9b8bca254ec","","0","0","0","0.000144887404898574","0","","","","0xc54f6a21",""
"0x05b7bbca9d7b304f13e20b02d4c09d58d7171a97e3ad3efb3c4acc5631fb0dab","10668830","1626706674","2021-07-19 14:57:54","0x1d870dba37ccc5a7342e74c0c31035071da85443","0x459e359817606d22693ec6360960c9b8bca254ec","","0","0","0","0.000144887404898574","0","","","","0xc54f6a21",""
"0xf829be4736b565a22165da6bf985db0461c6d17f5374a3398155023242f2ed9e","10669069","1626709614","2021-07-19 15:46:54","0xff8d8096d4320547fec8b0febf7bc0b58b64951a","0x459e359817606d22693ec6360960c9b8bca254ec","","0","0","0","0.000144862197999522","0","","","","0xc54f6a21",""
"0x8562fb022ebdb0f276db343547cf7dfc42ec840f1860ef0916b3ad25bd34ea97","10669069","1626709614","2021-07-19 15:46:54","0x1d870dba37ccc5a7342e74c0c31035071da85443","0x459e359817606d22693ec6360960c9b8bca254ec","","0","0","0","0.000144887397999174","0","","","","0xc54f6a21",""
"0x9b37e9a98d65b63a84ba09fc8a7a804595bfb14683d80d03812310dbbcc732f8","10669069","1626709614","2021-07-19 15:46:54","0x6cb9d52f34df1b1a956b8dd541e7241529995b6f","0x459e359817606d22693ec6360960c9b8bca254ec","","0","0","0","0.000144887397999174","0","","","","0xc54f6a21",""
"0xabf28202cfd4585ecef9d17f23c4dd9da82e4f6274e3267b3bfef288a88a499a","10669353","1626713405","2021-07-19 16:50:05","0x6cb9d52f34df1b1a956b8dd541e7241529995b6f","0x459e359817606d22693ec6360960c9b8bca254ec","","0","0","0","0.000144887414281758","0","","","","0xc54f6a21",""
"0x859d072ccc8fe8bdae85a4888796005ea9fa69024a4a24817d1f3c575dc93c2a","10669353","1626713405","2021-07-19 16:50:05","0xff8d8096d4320547fec8b0febf7bc0b58b64951a","0x459e359817606d22693ec6360960c9b8bca254ec","","0","0","0","0.000144862214279274","0","","","","0xc54f6a21",""
"0x2d0666dd42b225961dce55d46b3dc7b287e5d70131d492f40795c83ead3df3a4","10669356","1626713451","2021-07-19 16:50:51","0x1d870dba37ccc5a7342e74c0c31035071da85443","0x459e359817606d22693ec6360960c9b8bca254ec","","0","0","0","0.00014488740413964","0","","","","0xc54f6a21",""
"0x76d7f40d6bded1668255054c5996a58b90001ec12b59ec66077265f768b784e3","10669597","1626716533","2021-07-19 17:42:13","0x6cb9d52f34df1b1a956b8dd541e7241529995b6f","0x459e359817606d22693ec6360960c9b8bca254ec","","0","0","0","0.000434749153897134","0","","","","0xc54f6a21",""
"0xa3824b153f486405dbcd265a068a22812403e49015a07dbe04fa6f860f824e53","10669597","1626716533","2021-07-19 17:42:13","0x1d870dba37ccc5a7342e74c0c31035071da85443","0x459e359817606d22693ec6360960c9b8bca254ec","","0","0","0","0.000434749153897134","0","","","","0xc54f6a21",""
"0x8f94261c68b425ed86c657c375b9f008e2ba223da42c24fe4cc0533e9d60cc8c","10669597","1626716533","2021-07-19 17:42:13","0xff8d8096d4320547fec8b0febf7bc0b58b64951a","0x459e359817606d22693ec6360960c9b8bca254ec","","0","0","0","0.000434673538290528","0","","","","0xc54f6a21",""
"0x98d3789b3f32c969adb72b9478f534f93b2b500eb3727ff41f14073d563addcd","10669880","1626720003","2021-07-19 18:40:03","0x6cb9d52f34df1b1a956b8dd541e7241529995b6f","0x459e359817606d22693ec6360960c9b8bca254ec","","0","0","0","0.000434749155346008","0","","","","0xc54f6a21",""
"0x5c1a4166ede0dfe2cba794a39d451829383b0e770bc732502a5006c9155ef962","10669880","1626720003","2021-07-19 18:40:03","0x1d870dba37ccc5a7342e74c0c31035071da85443","0x459e359817606d22693ec6360960c9b8bca254ec","","0","0","0","0.000434749155346008","0","","","","0xc54f6a21",""
"0x1813a9ab17e863fc4345e1862777aaef7b59a31452ad900499c2b9d68bc3d402","10669883","1626720073","2021-07-19 18:41:13","0xff8d8096d4320547fec8b0febf7bc0b58b64951a","0x459e359817606d22693ec6360960c9b8bca254ec","","0","0","0","0.000434673539256276","0","","","","0xc54f6a21",""
"0xc04bcb7c9086a719758bc6ce31f466b060c1d7265cb8444d2aa5dd0ca7131d5a","10670229","1626724427","2021-07-19 19:53:47","0x1d870dba37ccc5a7342e74c0c31035071da85443","0x459e359817606d22693ec6360960c9b8bca254ec","","0","0","0","0.000434749159416654","0","","","","0xc54f6a21",""
"0x3e7256a49e0efee4eb72ef23dbbe3dbd65956f800394b4cb3d7f34cc88355b44","10670229","1626724427","2021-07-19 19:53:47","0xff8d8096d4320547fec8b0febf7bc0b58b64951a","0x459e359817606d22693ec6360960c9b8bca254ec","","0","0","0","0.000434673544291962","0","","","","0xc54f6a21",""
"0x8f056ae6b758d7e4baacf6a77febc5aab5ca2d2797a1b3e8f45a018a448ee9bf","10670229","1626724427","2021-07-19 19:53:47","0x6cb9d52f34df1b1a956b8dd541e7241529995b6f","0x459e359817606d22693ec6360960c9b8bca254ec","","0","0","0","0.000434749159416654","0","","","","0xc54f6a21",""
"0x56d4f4def966a71119ccaf4eb8241a8400979aebb6ed1a803434d52063b44f35","10670428","1626727267","2021-07-19 20:41:07","0x6cb9d52f34df1b1a956b8dd541e7241529995b6f","0x459e359817606d22693ec6360960c9b8bca254ec","","0","0","0","0.000434749155346008","0","","","","0xc54f6a21",""
"0xf98545daacf2ca76f391c9146517a55737417cddfe7a56650178b2a57506fe3d","10670428","1626727267","2021-07-19 20:41:07","0x1d870dba37ccc5a7342e74c0c31035071da85443","0x459e359817606d22693ec6360960c9b8bca254ec","","0","0","0","0.000434749155346008","0","","","","0xc54f6a21",""
"0xfd3e339326f0e6079d2c770892a1034eb52533460447d0058a2f2eb568e96355","10670428","1626727267","2021-07-19 20:41:07","0xff8d8096d4320547fec8b0febf7bc0b58b64951a","0x459e359817606d22693ec6360960c9b8bca254ec","","0","0","0","0.000434673540222024","0","","","","0xc54f6a21",""
"0x1b3ca9d3a6bbb20d9222e03aef504c2e402205ab7b03db9808e6352b7b9f786f","10670691","1626730986","2021-07-19 21:43:06","0xff8d8096d4320547fec8b0febf7bc0b58b64951a","0x459e359817606d22693ec6360960c9b8bca254ec","","0","0","0","0.000434673539601186","0","","","","0xc54f6a21",""
"0xd7e4723052b7133b0c555834a1c2f86b8afaa032f4cfb748736534d31424ac78","10670691","1626730986","2021-07-19 21:43:06","0x1d870dba37ccc5a7342e74c0c31035071da85443","0x459e359817606d22693ec6360960c9b8bca254ec","","0","0","0","0.000434749154725062","0","","","","0xc54f6a21",""
"0x6cab0f678d7b6e8a43929dbee020f25062994eaae7866faf102021ea53873b2f","10670691","1626730986","2021-07-19 21:43:06","0x6cb9d52f34df1b1a956b8dd541e7241529995b6f","0x459e359817606d22693ec6360960c9b8bca254ec","","0","0","0","0.000434749154725062","0","","","","0xc54f6a21",""
"0xcdf562ec356f5cdebf298c0d4bbcaed6e304a9289253f85e19d68ab955935765","10670980","1626734858","2021-07-19 22:47:38","0x1d870dba37ccc5a7342e74c0c31035071da85443","0x459e359817606d22693ec6360960c9b8bca254ec","","0","0","0","0.000689939999862012","0","","","","0xc54f6a21",""
"0xc25f57057e77380d91494f0e1e342d1c256199d666d8d5f50493b29bb1e1bbfd","10670980","1626734858","2021-07-19 22:47:38","0x6cb9d52f34df1b1a956b8dd541e7241529995b6f","0x459e359817606d22693ec6360960c9b8bca254ec","","0","0","0","0.000689939999862012","0","","","","0xc54f6a21",""
"0x01028d9e3c9f7fc8424a83a3cc759efe43570597eb6818eba02f38e7c276a784","10670988","1626734997","2021-07-19 22:49:57","0xff8d8096d4320547fec8b0febf7bc0b58b64951a","0x459e359817606d22693ec6360960c9b8bca254ec","","0","0","0","0.000689819999862036","0","","","","0xc54f6a21",""
"0xe9126f53a570c71be5e29c28c57339dcd6243fd00de4ca8912ec605315c92bb8","10671275","1626738240","2021-07-19 23:44:00","0xff8d8096d4320547fec8b0febf7bc0b58b64951a","0x459e359817606d22693ec6360960c9b8bca254ec","","0","0","0","0.000689819999862036","0","","","","0xc54f6a21",""
"0x83a4e033f6b66bc1cb54129e7e25a6a4860689ebb2173756c2b8ca9dbb1cb049","10671275","1626738240","2021-07-19 23:44:00","0x6cb9d52f34df1b1a956b8dd541e7241529995b6f","0x459e359817606d22693ec6360960c9b8bca254ec","","0","0","0","0.000689939999862012","0","","","","0xc54f6a21",""
"0x934357fdc4bdceae087cd000ce2851d36601048692c2404fa6a259f35d07787e","10671275","1626738240","2021-07-19 23:44:00","0x1d870dba37ccc5a7342e74c0c31035071da85443","0x459e359817606d22693ec6360960c9b8bca254ec","","0","0","0","0.000689939999862012","0","","","","0xc54f6a21",""
"0x574b0eafd15bce2f7c55df164b3f3b0d09fc7f807f666fa6600881b2d46b0804","10671553","1626742117","2021-07-20 00:48:37","0xff8d8096d4320547fec8b0febf7bc0b58b64951a","0x459e359817606d22693ec6360960c9b8bca254ec","","0","0","0","0.000689819999172216","0","","","","0xc54f6a21",""
"0x2a8a35339ec120f66cede2c650998e7873344c83d747c6e50e07cbfdb5111a71","10671553","1626742117","2021-07-20 00:48:37","0x1d870dba37ccc5a7342e74c0c31035071da85443","0x459e359817606d22693ec6360960c9b8bca254ec","","0","0","0","0.000689939999103078","0","","","","0xc54f6a21",""
"0x3069580c197845f6d7912f06c3642083a8efa0bd0438ca2d9612277d99afb622","10671554","1626742121","2021-07-20 00:48:41","0x6cb9d52f34df1b1a956b8dd541e7241529995b6f","0x459e359817606d22693ec6360960c9b8bca254ec","","0","0","0","0.000689939999103078","0","","","","0xc54f6a21",""
"0x53c603cab2a9ac89eb788da78303379bfc5a05cee23d9bf5190664ac72665da1","10671818","1626745770","2021-07-20 01:49:30","0x6cb9d52f34df1b1a956b8dd541e7241529995b6f","0x459e359817606d22693ec6360960c9b8bca254ec","","0","0","0","0.000689939996274324","0","","","","0xc54f6a21",""
"0xaf398bc935d2d1d96523e7edc2a14a2ecbc59be2e6d2cf8a4d78cd1952328d3f","10671818","1626745770","2021-07-20 01:49:30","0xff8d8096d4320547fec8b0febf7bc0b58b64951a","0x459e359817606d22693ec6360960c9b8bca254ec","","0","0","0","0.000689819996274972","0","","","","0xc54f6a21",""
"0xeab9ffe0e237a95afcfdbefa10afc396ba21d25bdf3e934c00323ceb2a078df5","10671818","1626745770","2021-07-20 01:49:30","0x1d870dba37ccc5a7342e74c0c31035071da85443","0x459e359817606d22693ec6360960c9b8bca254ec","","0","0","0","0.000689939996274324","0","","","","0xc54f6a21",""
"0x23c8961d950d6f9042471738a32ecb9d4421eb09f6dbe1b7e04441bcce960a02","10672186","1626750456","2021-07-20 03:07:36","0xff8d8096d4320547fec8b0febf7bc0b58b64951a","0x459e359817606d22693ec6360960c9b8bca254ec","","0","0","0","0.000689820000551856","0","","","","0xc54f6a21",""
"0xd3dbf62fb465f1335806473275d367c897171733bc7048f25f379478f0880fe0","10672190","1626750545","2021-07-20 03:09:05","0x6cb9d52f34df1b1a956b8dd541e7241529995b6f","0x459e359817606d22693ec6360960c9b8bca254ec","","0","0","0","0.000689940000413964","0","","","","0xc54f6a21",""
"0xc3f83600f763ec8e0b73b07303259c92c9490f7ab844583a5595f9edaae8ff63","10672240","1626751658","2021-07-20 03:27:38","0x1d870dba37ccc5a7342e74c0c31035071da85443","0x459e359817606d22693ec6360960c9b8bca254ec","","0","0","0","0.00068994000068994","0","","","","0xc54f6a21",""
"0x2790785eff0aed35e005093fc77844ef4e2e6575db7c5fd23a9df3da2dbac485","10672246","1626752309","2021-07-20 03:38:29","0x6cb9d52f34df1b1a956b8dd541e7241529995b6f","0x459e359817606d22693ec6360960c9b8bca254ec","","0","0","0","0.000689939999517042","0","","","","0xc54f6a21",""
"0xb42f4d639a698a5b15d8bb1b366ceb64a55cd25e368f26a6265ee29151c3cfc6","10672246","1626752309","2021-07-20 03:38:29","0x1d870dba37ccc5a7342e74c0c31035071da85443","0x459e359817606d22693ec6360960c9b8bca254ec","","0","0","0","0.000689939999517042","0","","","","0xc54f6a21",""
"0x34a1a3cfc9d2a3cc8f2bd0d56b6fc758564250a05ee60b5657c283998d6a9725","10672247","1626752372","2021-07-20 03:39:32","0xff8d8096d4320547fec8b0febf7bc0b58b64951a","0x459e359817606d22693ec6360960c9b8bca254ec","","0","0","0","0.000689819999517126","0","","","","0xc54f6a21",""
"0x311caf1bacea3bf2c0ae938d09c89bf04ded5cf53d728bd678790b4c9538d468","10672278","1626756237","2021-07-20 04:43:57","0x6cb9d52f34df1b1a956b8dd541e7241529995b6f","0x459e359817606d22693ec6360960c9b8bca254ec","","0","0","0","0.000689940013039866","0","","","","0xc54f6a21",""
"0xb0da1aa31082c285f537d138a2ded8cc198616dabc8667eda15b0e244899b9ec","10672278","1626756237","2021-07-20 04:43:57","0x1d870dba37ccc5a7342e74c0c31035071da85443","0x459e359817606d22693ec6360960c9b8bca254ec","","0","0","0","0.000689940013039866","0","","","","0xc54f6a21",""
"0x21839f3d11ef9e74a74fd8ba944d53044c9b831b4929148973c0d9df0a5f565f","10672278","1626756237","2021-07-20 04:43:57","0xff8d8096d4320547fec8b0febf7bc0b58b64951a","0x459e359817606d22693ec6360960c9b8bca254ec","","0","0","0","0.000689820013037598","0","","","","0xc54f6a21",""
"0xae25c3b36a2c20ef243eecea5a32473dd9baf3fe07c82f0313c5163039bcd63b","10672346","1626759323","2021-07-20 05:35:23","0x6cb9d52f34df1b1a956b8dd541e7241529995b6f","0x459e359817606d22693ec6360960c9b8bca254ec","","0","0","0","0.000689940037118772","0","","","","0xc54f6a21",""
"0x8b94cf3fe9872ee39c118b8d26a094e3c0aa450a408b5da7835b907a58d0602c","10672347","1626759492","2021-07-20 05:38:12","0x1d870dba37ccc5a7342e74c0c31035071da85443","0x459e359817606d22693ec6360960c9b8bca254ec","","0","0","0","0.000689940037118772","0","","","","0xc54f6a21",""
"0x2a26c5238deb0093227f1c328d155176808538c177e3f24d13a08fdb1880fc7e","10672347","1626759492","2021-07-20 05:38:12","0xff8d8096d4320547fec8b0febf7bc0b58b64951a","0x459e359817606d22693ec6360960c9b8bca254ec","","0","0","0","0.000689820037112316","0","","","","0xc54f6a21",""
"0xcf1d4f72257bc1dc872121910d6632fa144b058ea57639bf0bf2314beace02b5","10672461","1626764007","2021-07-20 06:53:27","0x6cb9d52f34df1b1a956b8dd541e7241529995b6f","0x459e359817606d22693ec6360960c9b8bca254ec","","0","0","0","0.000344971000344006","0","","","","0xc54f6a21",""
"0x6f5ee266dbe0f5fdd34176538bd6ffab34181035a55226b8655571489cd955f7","10672465","1626764142","2021-07-20 06:55:42","0xff8d8096d4320547fec8b0febf7bc0b58b64951a","0x459e359817606d22693ec6360960c9b8bca254ec","","0","0","0","0.000344911000170018","0","","","","0xc54f6a21",""
"0x7a7285e591d0983bf4ec7fdc8a00f1656f5f3a887d504256fcbf6c2edf652150","10672466","1626764192","2021-07-20 06:56:32","0x1d870dba37ccc5a7342e74c0c31035071da85443","0x459e359817606d22693ec6360960c9b8bca254ec","","0","0","0","0.000344971000344006","0","","","","0xc54f6a21",""
"0x8d01ed748503e434b20a942fb3d828ed5b01b2c9ba1eeaa8422f40e5865c5b93","10672606","1626766674","2021-07-20 07:37:54","0x1d870dba37ccc5a7342e74c0c31035071da85443","0x459e359817606d22693ec6360960c9b8bca254ec","","0","0","0","0.000344913661431432","0","","","","0xc54f6a21",""
"0x2b2e5f504049fc3f725e021123a622fecd7065967203abc33f81838b2fe5cc7c","10672606","1626766674","2021-07-20 07:37:54","0xff8d8096d4320547fec8b0febf7bc0b58b64951a","0x459e359817606d22693ec6360960c9b8bca254ec","","0","0","0","0.000344853671230296","0","","","","0xc54f6a21",""
"0x2898d8d07e287861353cecf05733dcfd26c9f14bda4094a0a675e35291622b6b","10672606","1626766674","2021-07-20 07:37:54","0x6cb9d52f34df1b1a956b8dd541e7241529995b6f","0x459e359817606d22693ec6360960c9b8bca254ec","","0","0","0","0.000344913661431432","0","","","","0xc54f6a21",""
"0xa4fc3c1a40c84acddbf74157911f4e930f7c0f36eb82a70b5f4d165f8e19a1b4","10672809","1626770272","2021-07-20 08:37:52","0x1d870dba37ccc5a7342e74c0c31035071da85443","0x459e359817606d22693ec6360960c9b8bca254ec","","0","0","0","0.00013798800034497","0","","","","0xc54f6a21",""
"0xd404780201608d7ed5a38165b483ac9e98e6045854c561a664061e96c70e7327","10672809","1626770272","2021-07-20 08:37:52","0xff8d8096d4320547fec8b0febf7bc0b58b64951a","0x459e359817606d22693ec6360960c9b8bca254ec","","0","0","0","0.00013796400034491","0","","","","0xc54f6a21",""
"0xc4c39d01c9e608d7ae33caf11130d73045072a6b703ede4f4e49338e0dbdb7fc","10672809","1626770272","2021-07-20 08:37:52","0x6cb9d52f34df1b1a956b8dd541e7241529995b6f","0x459e359817606d22693ec6360960c9b8bca254ec","","0","0","0","0.00013798800034497","0","","","","0xc54f6a21",""
"0x78761bc8411cb4e1db5c52443c74112e2a540d7b09bb0b1cab59438df15d9334","10673010","1626773859","2021-07-20 09:37:39","0x6cb9d52f34df1b1a956b8dd541e7241529995b6f","0x459e359817606d22693ec6360960c9b8bca254ec","","0","0","0","0.00013798799931006","0","","","","0xc54f6a21",""
"0x3503d2236713126e4f32ceddc87f7fc91de45d456a8644935aac12ce7618eaf1","10673010","1626773859","2021-07-20 09:37:39","0x1d870dba37ccc5a7342e74c0c31035071da85443","0x459e359817606d22693ec6360960c9b8bca254ec","","0","0","0","0.00013798799931006","0","","","","0xc54f6a21",""
"0xf827382bc8aedc5f883b25f0855b550c957371d9353501313551281539af94c1","10673010","1626773859","2021-07-20 09:37:39","0xff8d8096d4320547fec8b0febf7bc0b58b64951a","0x459e359817606d22693ec6360960c9b8bca254ec","","0","0","0","0.00013796399931018","0","","","","0xc54f6a21",""
"0x92b6e08ef8b17d0116b2b0659974fd3d17f11ef80f6b4100d5a74e67f64e77d3","10673084","1626777409","2021-07-20 10:36:49","0x6cb9d52f34df1b1a956b8dd541e7241529995b6f","0x459e359817606d22693ec6360960c9b8bca254ec","","0","0","0","0.000137988014212764","0","","","","0xc54f6a21",""
"0x347b7143f6ca796d1f03a6adf7ff85d52b5562c25b4f3c4f0cfb07db9630e9f0","10673084","1626777409","2021-07-20 10:36:49","0x1d870dba37ccc5a7342e74c0c31035071da85443","0x459e359817606d22693ec6360960c9b8bca254ec","","0","0","0","0.000137988014074776","0","","","","0xc54f6a21",""
"0x6ea11ff726475e5f056e2b3eea000b896c22a8a3e05415f8ce3c251504ebb6d3","10673084","1626777409","2021-07-20 10:36:49","0xff8d8096d4320547fec8b0febf7bc0b58b64951a","0x459e359817606d22693ec6360960c9b8bca254ec","","0","0","0","0.000137964014072328","0","","","","0xc54f6a21",""
"0x0684b93cb44e189969580ac01f40606ccc29199409ebee95a7d8200ae3f9264a","10673168","1626781009","2021-07-20 11:36:49","0x6cb9d52f34df1b1a956b8dd541e7241529995b6f","0x459e359817606d22693ec6360960c9b8bca254ec","","0","0","0","0.00013798917841752","0","","","","0xc54f6a21",""
"0x148afe1b10c438848a1a989e3d297a5af44d2bd67d0fd7e643affe117c85018d","10673168","1626781009","2021-07-20 11:36:49","0x1d870dba37ccc5a7342e74c0c31035071da85443","0x459e359817606d22693ec6360960c9b8bca254ec","","0","0","0","0.00013798917841752","0","","","","0xc54f6a21",""
"0xd89c554b76644505c4b59f58a4a9cc98d01c11300fab568d6161116e4070aa15","10673168","1626781009","2021-07-20 11:36:49","0xff8d8096d4320547fec8b0febf7bc0b58b64951a","0x459e359817606d22693ec6360960c9b8bca254ec","","0","0","0","0.00013796517821256","0","","","","0xc54f6a21",""
"0x1eb52f5903ca68a3141ba34187b204febbc92e2126b135297580f19a0f6cc153","10673283","1626784627","2021-07-20 12:37:07","0x6cb9d52f34df1b1a956b8dd541e7241529995b6f","0x459e359817606d22693ec6360960c9b8bca254ec","","0","0","0","0.000137985411276126","0","","","","0xc54f6a21",""
"0x11a913d12094c1cd9f7b487d1404a7bcf2bc1948ccf8473d9228d2ea581e5a02","10673283","1626784627","2021-07-20 12:37:07","0x1d870dba37ccc5a7342e74c0c31035071da85443","0x459e359817606d22693ec6360960c9b8bca254ec","","0","0","0","0.000137985411276126","0","","","","0xc54f6a21",""
"0x87d1d9703743beab7050e7fe6f8e44dabdb02252e0913126fa73b2a88c2a201a","10673283","1626784627","2021-07-20 12:37:07","0xff8d8096d4320547fec8b0febf7bc0b58b64951a","0x459e359817606d22693ec6360960c9b8bca254ec","","0","0","0","0.000137961411726378","0","","","","0xc54f6a21",""
"0xe4631ec3a1ff4437f80d5ae0eef9573028d28a7943cd939c940ef80610af0131","10673430","1626788280","2021-07-20 13:38:00","0x6cb9d52f34df1b1a956b8dd541e7241529995b6f","0x459e359817606d22693ec6360960c9b8bca254ec","","0","0","0","0.000137985193462068","0","","","","0xc54f6a21",""
"0x709700518d2cd43b7be366b84fe6fed30358bd9a01e57868e2fdf65d161eb394","10673430","1626788280","2021-07-20 13:38:00","0x1d870dba37ccc5a7342e74c0c31035071da85443","0x459e359817606d22693ec6360960c9b8bca254ec","","0","0","0","0.000137985193462068","0","","","","0xc54f6a21",""
"0x865a8c7a5ded38fe0e3c4bae8f6d61212414f08f5cdadec866f5c14954f46c89","10673430","1626788280","2021-07-20 13:38:00","0xff8d8096d4320547fec8b0febf7bc0b58b64951a","0x459e359817606d22693ec6360960c9b8bca254ec","","0","0","0","0.000137961193950204","0","","","","0xc54f6a21",""
"0x2393939e8e1fe2196e4634b0829d297dd0d55823ec66c443f540c4f65befc5f6","10673683","1626791870","2021-07-20 14:37:50","0x6cb9d52f34df1b1a956b8dd541e7241529995b6f","0x459e359817606d22693ec6360960c9b8bca254ec","","0","0","0","0.000137984622605712","0","","","","0xc54f6a21",""
"0x492501a90fc5b7a600fac21d972e9e878da5d0e34330ab470dbe848100c586ae","10673683","1626791870","2021-07-20 14:37:50","0x1d870dba37ccc5a7342e74c0c31035071da85443","0x459e359817606d22693ec6360960c9b8bca254ec","","0","0","0","0.000137984622605712","0","","","","0xc54f6a21",""
"0x260fdaff1d5ec6f376c6a07ffb868165c7d035f29e7b13bda161b668c5df0c7f","10673683","1626791870","2021-07-20 14:37:50","0xff8d8096d4320547fec8b0febf7bc0b58b64951a","0x459e359817606d22693ec6360960c9b8bca254ec","","0","0","0","0.000137960623193136","0","","","","0xc54f6a21",""
